id,claim_topic,evidence_text,stance,source,url
1,Can masks reduce corona infections when worn by a large proportion of the population?,"Claim: Can masks reduce corona infections when worn by a large proportion of the population? | Finding: International studies suggest that the number of corona infections decreases when many people wear masks - whether fabric, surgical or FFP2 masks. However, it is not possible to precisely quantify how great the protective effect actually is. It probably depends on the type of masks and the proportion of people who wear them.",supports,Medizin Transparent,https://www.medizin-transparent.at/masken-corona/
2,Can homeopathic preparations with Anamirta cocculus help against dizziness?,"Claim: Can homeopathic preparations with Anamirta cocculus help against dizziness? | Finding: We have found only one study that has investigated this. However, it is so poor that no reliable statement is possible.",uncertain,Medizin Transparent,https://www.medizin-transparent.at/schwindel-homoeopathie-cocculus/
3,Can zeolite alleviate or prevent health problems?,Claim: Can zeolite alleviate or prevent health problems? | Finding: Studies to date cannot provide any evidence that taking zeolite prevents or alleviates complaints. A detoxifying effect is not scientifically plausible.,uncertain,Medizin Transparent,https://www.medizin-transparent.at/zeolith-wirkung/
4,Does paxlovid protect unvaccinated people with risk factors from severe or even fatal covid 19 disease?,"Claim: Does paxlovid protect unvaccinated people with risk factors from severe or even fatal covid 19 disease? | Finding: In a large, well-done study, paxlovid prevented hospitalizations and deaths in high-risk patients. They were unvaccinated and had contracted the delta variant. For vaccinated people, the benefit cannot be reliably estimated. This also applies to people with immunodeficiency.",supports,Medizin Transparent,https://www.medizin-transparent.at/corona-paxlovid/
5,"Does starting school later improve health, learning success, and quality of life in adolescents?","Claim: Does starting school later improve health, learning success, and quality of life in adolescents? | Finding: The question has been investigated in several large studies. Due to methodological deficiencies and contradictory results, no firm conclusions can be drawn. This means that science can currently neither speak for nor against a benefit of a later school start.",uncertain,Medizin Transparent,https://www.medizin-transparent.at/spaeterer-schulbeginn/
6,Does the F.X. Mayr cure have health benefits? Can it prevent diseases or treat them?,"Claim: Does the F.X. Mayr cure have health benefits? Can it prevent diseases or treat them? | Finding: It is neither examined nor proven whether the special fasting method after F.X. Mayr holds, which it promises: Namely assistance with all possible illnesses of allergies, over rheumatism up to sleep disturbances. The advertised detoxification and ""purification"" of the body by the chamfering cure are besides scientifically not plausible.",uncertain,Medizin Transparent,https://www.medizin-transparent.at/fx-mayr/
7,Does the consumption of soy foods or soy isoflavones affect the appearance of acne skin?,"Claim: Does the consumption of soy foods or soy isoflavones affect the appearance of acne skin? | Finding: We could not find any meaningful studies at all on the influence of soy foods on acne. On soy isoflavones, we found two small studies of questionable quality that examined a very specific group of sufferers. Soy isoflavones improved the skin appearance somewhat. However, this result is not reliable.",uncertain,Medizin Transparent,https://www.medizin-transparent.at/soja-akne/
8,Does extract from the Damiana plant (Turnera diffusa) help with erectile dysfunction?,"Claim: Does extract from the Damiana plant (Turnera diffusa) help with erectile dysfunction? | Finding: The extract from the Damiana plant (Turnera diffusa) is advertised as a remedy for erectile dysfunction for men. However, this claimed effect on potency is by no means proven. It has apparently never been tested on humans. This also applies to homeopathic remedies such as the product Neradin.",uncertain,Medizin Transparent,https://www.medizin-transparent.at/damiana-neradin/
9,Is the homeopathic remedy Neradin effective for erectile dysfunction?,"Claim: Is the homeopathic remedy Neradin effective for erectile dysfunction? | Finding: The extract from the Damiana plant (Turnera diffusa) is advertised as a remedy for erectile dysfunction for men. However, this claimed effect on potency is by no means proven. It has apparently never been tested on humans. This also applies to homeopathic remedies such as the product Neradin.",uncertain,Medizin Transparent,https://www.medizin-transparent.at/damiana-neradin/
10,Does regular HPV testing in addition to the recommended Pap smear detect more precancerous lesions than just the Pap smear alone?,"Claim: Does regular HPV testing in addition to the recommended Pap smear detect more precancerous lesions than just the Pap smear alone? | Finding: Regular examination of the cervix by means of PAP smear tests detects precancerous stages of the cervix in most cases in good time. This reduces the risk of developing cervical cancer. An additional HPV test every three to five years can make screening even more reliable. However, the difference should not be too great.",supports,Medizin Transparent,https://www.medizin-transparent.at/hpv-test-gebaermutterhalskrebs/
11,Can monk's pepper reduce PMS symptoms? PMS is the abbreviation for premenstrual syndrome. This refers to complaints that occur in the days before menstruation.,"Claim: Can monk's pepper reduce PMS symptoms? PMS is the abbreviation for premenstrual syndrome. This refers to complaints that occur in the days before menstruation. | Finding: In the studies to date, monk's pepper seems to relieve PMS symptoms better than a placebo. However, this is not well proven, because the studies have significant weaknesses. There is no evidence of an effect on menstrual disorders. Significant studies are lacking.",supports,Medizin Transparent,https://www.medizin-transparent.at/moenchspfeffer-wirkung-wenig-belegt/
12,Can olive leaf extract reduce high blood pressure?,"Claim: Can olive leaf extract reduce high blood pressure? | Finding: Whether olive leaf extract lowers blood pressure has been investigated in five suitable studies to date. They all found no effect or only a slight effect of the extract. The problem with this is that most of the study participants had only slightly elevated blood pressure. They cannot answer how olive leaf extract works in people with significantly elevated blood pressure (hypertension). The studies also had gross flaws, few participants, and ran for a very short time. They cannot provide reliable answers.",uncertain,Medizin Transparent,https://www.medizin-transparent.at/olivenblaetter-blutdruck/
13,Do green-lipped mussel preparations improve the symptoms of osteoarthritis?,"Claim: Do green-lipped mussel preparations improve the symptoms of osteoarthritis? | Finding: The question was examined in four small studies with serious methodological deficiencies, which also arrived at partly contradictory results. No clear conclusions can be drawn from them. The claim that green-lipped mussel helps with osteoarthritis is not scientifically proven.",uncertain,Medizin Transparent,https://www.medizin-transparent.at/gruenlippmuschel-arthrose/
14,Can probiotics lower blood sugar in type 2 diabetes?,"Claim: Can probiotics lower blood sugar in type 2 diabetes? | Finding: The summarized results of studies to date suggest that probiotics in capsule or tablet form could lower blood sugar somewhat. At least if they are taken over a period of two to three months. However, the effect is not well established. Probiotic dairy products and probiotic powder for dissolving do not seem to have any demonstrable effect.",supports,Medizin Transparent,https://www.medizin-transparent.at/diabetes-probiotika/
15,Can the so-called Tupler technique help against rectus diastasis?,Claim: Can the so-called Tupler technique help against rectus diastasis? | Finding: We could not find a single study that examined whether the Tupler technique actually works. And this despite the fact that providers of the method advertise that its effectiveness is scientifically proven.,uncertain,Medizin Transparent,https://www.medizin-transparent.at/tupler-technik-rektusdiastase/
16,Can CBD (cannabidiol) help with migraines or other headaches?,Claim: Can CBD (cannabidiol) help with migraines or other headaches? | Finding: There are no studies that have investigated the effectiveness of CBD against migraine. So claims that CBD can help with or prevent migraine attacks have no scientific basis. The same is true for other types of headache.,uncertain,Medizin Transparent,https://www.medizin-transparent.at/cbd-migraene-kopfschmerzen/
17,Can laser irradiation of blood by infusion needle (hemolaser treatment) relieve discomfort or help with diseases?,Claim: Can laser irradiation of blood by infusion needle (hemolaser treatment) relieve discomfort or help with diseases? | Finding: There is no scientific evidence that hemolaser treatment has a palliative or curative effect on health problems.,uncertain,Medizin Transparent,https://www.medizin-transparent.at/haemolaser/
18,"In everyday life, when breathing with an FFP2 mask or ordinary mouth-nose protection, do you get as much oxygen as without a mask?","Claim: In everyday life, when breathing with an FFP2 mask or ordinary mouth-nose protection, do you get as much oxygen as without a mask? | Finding: Even if breathing with a mask can feel uncomfortable: According to studies to date, you get just as much oxygen with an FFP2 mask or mouth-nose protection as without a mask. This is true even when you are moving or exerting yourself. Only very intensive sports slightly reduce the oxygen content in the blood - but too little to endanger health.",supports,Medizin Transparent,https://www.medizin-transparent.at/maske-sauerstoff/
19,Can CBD help with period pain?,Claim: Can CBD help with period pain? | Finding: Whether CBD can relieve menstrual pain has apparently never been scientifically studied. We could not find any studies on this. Women who suffer from severe period pain should talk to a gynecologist about it. Diseases such as endometriosis could be behind it.,uncertain,Medizin Transparent,https://www.medizin-transparent.at/cbd-regelschmerzen/
20,"Can a bioresonance device like ""Bioscan"" or ""Vieva Vital Analyser"" measure mineral and vitamin deficiencies or detect health problems?","Claim: Can a bioresonance device like ""Bioscan"" or ""Vieva Vital Analyser"" measure mineral and vitamin deficiencies or detect health problems? | Finding: An experiment shows that the devices cannot distinguish between healthy people, seriously ill people and a corpse. The claimed mode of action behind the measurement method is also scientifically implausible. A German court has convicted the manufacturers of the Bioscan device (not legally binding) of fraud.",refutes,Medizin Transparent,https://www.medizin-transparent.at/bioscan/
21,Does arthroscopy (joint endoscopy) help with osteoarthritis of the knee joint?,Claim: Does arthroscopy (joint endoscopy) help with osteoarthritis of the knee joint? | Finding: The data are clear: Arthroscopy is useless as a treatment for knee osteoarthritis. It can neither relieve pain nor improve the function of the knee joint in the long term.,refutes,Medizin Transparent,https://www.medizin-transparent.at/arthroskopie-arthrose/
22,"Do dietary supplements containing silicon (e.g. as ""organic silicon"" or silica) have health benefits?","Claim: Do dietary supplements containing silicon (e.g. as ""organic silicon"" or silica) have health benefits? | Finding: There is no evidence so far that the additional intake of silicon can promote health. Also that it strengthens nails, skin and hair is an unsubstantiated claim. Moreover, it is unclear whether silicon plays any role at all in the body.",uncertain,Medizin Transparent,https://www.medizin-transparent.at/silizium/
23,Can regular intake of cranberry juice or cranberry extract prevent recurrent cystitis in women?,"Claim: Can regular intake of cranberry juice or cranberry extract prevent recurrent cystitis in women? | Finding: Women who repeatedly have to deal with bladder infections might become ill somewhat less frequently if they regularly take cranberry juice or extract. However, this is not well established. And it only applies to uncomplicated bladder infections in otherwise healthy women. Whether cranberry products help when cystitis is already present remains unclear. This has not yet been investigated in meaningful studies.",supports,Medizin Transparent,https://www.medizin-transparent.at/cranberry-blasenentzuendung/
24,Will women who have recurrent bladder infections get rid of them faster if they take cranberry products only after the disease is already there???,"Claim: Will women who have recurrent bladder infections get rid of them faster if they take cranberry products only after the disease is already there??? | Finding: Women who repeatedly have to deal with bladder infections might become ill somewhat less frequently if they regularly take cranberry juice or extract. However, this is not well established. And it only applies to uncomplicated bladder infections in otherwise healthy women. Whether cranberry products help when cystitis is already present remains unclear. This has not yet been investigated in meaningful studies.",uncertain,Medizin Transparent,https://www.medizin-transparent.at/cranberry-blasenentzuendung/
25,Can extract from St. John's wort relieve the symptoms of depression? Is it similarly effective as drugs against depression (antidepressants)?,Claim: Can extract from St. John's wort relieve the symptoms of depression? Is it similarly effective as drugs against depression (antidepressants)? | Finding: St. John's wort is likely to relieve the symptoms of mild to moderate depression better than a placebo. It also appears to be similarly effective to approved medications for depression (antidepressants). St. John's wort preparations are generally better tolerated than antidepressants.,supports,Medizin Transparent,https://www.medizin-transparent.at/johanniskraut-depression/
26,"Does the Zisano bracelet strengthen the immune system, increase endurance and performance or reduce fatigue?","Claim: Does the Zisano bracelet strengthen the immune system, increase endurance and performance or reduce fatigue? | Finding: The promised positive effects of the ""Powerband"" wristband on health and well-being have apparently not been scientifically studied. We could not find any studies on this. It is also unclear how the wristband is supposed to work in concrete terms. A scientifically plausible explanation is missing.",uncertain,Medizin Transparent,https://www.medizin-transparent.at/zisano/
27,"Does microimmunotherapy improve symptoms of allergies, cancer, joint inflammation, autoimmune diseases, dementia or various viral infections?","Claim: Does microimmunotherapy improve symptoms of allergies, cancer, joint inflammation, autoimmune diseases, dementia or various viral infections? | Finding: So far, studies seem to exist only on microimmunotherapy against hay fever and cancer. Their significance is far too low to conclude that the therapy is effective. We found no studies on other health problems. Thus, there is no proven benefit of microimmunotherapy for any disease.",uncertain,Medizin Transparent,https://www.medizin-transparent.at/mikroimmuntherapie-hilfe-gegen-krebs-und-mehr/
28,Can ginkgo extract improve mental performance in dementia patients?,Claim: Can ginkgo extract improve mental performance in dementia patients? | Finding: Previous studies suggest that ginkgo extract can improve mental performance in dementia - but this is not well established. It is not possible to say exactly how large this effect is.,supports,Medizin Transparent,https://www.medizin-transparent.at/ginkgo-demenz/
29,Does pine wood improve sleep?,"Claim: Does pine wood improve sleep? | Finding: So far, only one small study has investigated this question. However, the results of this study are not conclusive due to numerous deficiencies in the conduct of the study.",uncertain,Medizin Transparent,https://www.medizin-transparent.at/zirbenholz-waldgeruch-als-schlafhilfe/
30,Do spermidine supplements or a spermidine-rich diet reduce the risk of Alzheimer's disease and other forms of dementia? Do they help with existing dementia?,"Claim: Do spermidine supplements or a spermidine-rich diet reduce the risk of Alzheimer's disease and other forms of dementia? Do they help with existing dementia? | Finding: Manufacturers of spermidine drugs advertise an alleged positive effect on mental performance and protection against dementia. However, such an effect has not been proven in meaningful studies. We found a single study in which dementia patients had participated. However, their results are not very clear.",uncertain,Medizin Transparent,https://www.medizin-transparent.at/spermidin-demenz/
31,Do green-lipped mussel preparations improve the symptoms of rheumatoid arthritis?,"Claim: Do green-lipped mussel preparations improve the symptoms of rheumatoid arthritis? | Finding: Five small studies provide no overall evidence of benefit from green-lipped mussel in rheumatism. However, the rheumatism treatment of the participants does not meet today's standards and the studies were very poorly conducted. Therefore, we cannot draw any reliable conclusions from these studies.",uncertain,Medizin Transparent,https://www.medizin-transparent.at/gruenlippmuschel-rheuma/
32,Does covid vaccination reduce the likelihood of getting long-lasting symptoms (long covid) in case of corona infection?,"Claim: Does covid vaccination reduce the likelihood of getting long-lasting symptoms (long covid) in case of corona infection? | Finding: If twice-vaccinated people are infected, their risk of later being affected by Long Covid may be only half that of non-vaccinated people. Since there is no clear definition of long covid, the protective effect cannot be precisely quantified.",supports,Medizin Transparent,https://www.medizin-transparent.at/long-covid-impfung/
33,Can the preventive intake of lysine prevent cold sores (lip herpes) and genital herpes? Can lysine help when the blisters are already there?,Claim: Can the preventive intake of lysine prevent cold sores (lip herpes) and genital herpes? Can lysine help when the blisters are already there? | Finding: Research is coming up with inconclusive and contradictory results. All available studies are small and of unclear quality. We could not say whether lysine protects against herpes or can alleviate it.,uncertain,Medizin Transparent,https://www.medizin-transparent.at/lysin-herpes/
34,"Do hormonal contraceptives to swallow (the ""pill"") affect endurance performance in women?","Claim: Do hormonal contraceptives to swallow (the ""pill"") affect endurance performance in women? | Finding: Taking the pill could possibly impair endurance performance in sports somewhat. However, there are no indications of less muscle strength due to the pill. However, these - somewhat contradictory - findings are anything but certain. Whether the somewhat reduced endurance performance speaks against contraception with the pill, each athlete must decide for herself - depending on how important top athletic performance is for her.",supports,Medizin Transparent,https://www.medizin-transparent.at/pille-sport/
35,Does the pill affect the muscle strength of women??,"Claim: Does the pill affect the muscle strength of women?? | Finding: Taking the pill could possibly impair endurance performance in sports somewhat. However, there are no indications of less muscle strength due to the pill. However, these - somewhat contradictory - findings are anything but certain. Whether the somewhat reduced endurance performance speaks against contraception with the pill, each athlete must decide for herself - depending on how important top athletic performance is for her.",refutes,Medizin Transparent,https://www.medizin-transparent.at/pille-sport/
36,Does whole-body cryotherapy in the cold chamber improve health?,"Claim: Does whole-body cryotherapy in the cold chamber improve health? | Finding: Studies published so far are of low quality and therefore not conclusive. The effectiveness of the cold chamber has not been proven for either physical or psychological complaints. There is also no evidence of effectiveness in sports, for example for sore muscles or for a hoped-for increase in athletic performance.",uncertain,Medizin Transparent,https://www.medizin-transparent.at/kaeltekammer/
37,Does transcranial pulse stimulation (TPS) improve mental performance in people with Alzheimer's dementia? Can the treatment improve the quality of life of those affected?,Claim: Does transcranial pulse stimulation (TPS) improve mental performance in people with Alzheimer's dementia? Can the treatment improve the quality of life of those affected? | Finding: Whether transcranial pulse stimulation can help people with Alzheimer's dementia has not yet been investigated in meaningful studies. Possible harmful effects have also been insufficiently researched.,uncertain,Medizin Transparent,https://www.medizin-transparent.at/transkranielle-pulsstimuation-bei-alzheimer/
38,Can low-level laser therapy reduce pain from knee or hip osteoarthritis?,"Claim: Can low-level laser therapy reduce pain from knee or hip osteoarthritis? | Finding: In the pain treatment of wrist osteoarthritis, no efficacy can be assumed - this is indicated by the results of a small but well-done study. Research results on knee osteoarthritis are contradictory and therefore of little significance. We did not find any reliable studies on hip osteoarthritis.",uncertain,Medizin Transparent,https://www.medizin-transparent.at/lasertherapie-arthrose/
39,Can low-level laser therapy reduce wrist osteoarthritis pain?,"Claim: Can low-level laser therapy reduce wrist osteoarthritis pain? | Finding: In the pain treatment of wrist osteoarthritis, no efficacy can be assumed - this is indicated by the results of a small but well-done study. Research results on knee osteoarthritis are contradictory and therefore of little significance. We did not find any reliable studies on hip osteoarthritis.",refutes,Medizin Transparent,https://www.medizin-transparent.at/lasertherapie-arthrose/
40,Does blood type affect the likelihood that Covid 19 disease will take a severe course or lead to death?,Claim: Does blood type affect the likelihood that Covid 19 disease will take a severe course or lead to death? | Finding: There is no reliable evidence that people with a certain blood group are more severely affected by covid-19 than those with another. Study results on this are poorly substantiated and partly contradictory.,uncertain,Medizin Transparent,https://www.medizin-transparent.at/blutgruppe-corona/
41,"Do mouth rinses with hydroxyapatite, for example the products ""Linola sept mouth rinse"" and ""Karex Abwehr"", protect against SARS-CoV-2 infection?","Claim: Do mouth rinses with hydroxyapatite, for example the products ""Linola sept mouth rinse"" and ""Karex Abwehr"", protect against SARS-CoV-2 infection? | Finding: There are no studies on the anti-corona effect of hydroxyapatite-containing mouth rinses such as ""Linola sept"" or ""Karex Abwehr"". We found no studies on the products themselves or on the alleged active ingredient hydroxyapatite. The claimed mechanism of action is not plausible.",uncertain,Medizin Transparent,https://www.medizin-transparent.at/linola-sept-mundspuelung-karex-abwehr/
42,Does CBD (cannabidiol) relieve symptoms of mild to moderate covid-19 disease?,"Claim: Does CBD (cannabidiol) relieve symptoms of mild to moderate covid-19 disease? | Finding: CBD is unlikely to have any effect on the symptoms of covid-19 disease. This is the conclusion of the only study that has investigated this. However, its validity is somewhat limited due to the small number of participants. Not explored is a possible preventive effect. It is unclear whether CBD or other cannabis constituents - ingested or smoked - protect against corona infection or covid-19 disease.",refutes,Medizin Transparent,https://www.medizin-transparent.at/cannabis-cbd-corona/
43,Does CBD or cannabis use protect against covid-19 disease???,"Claim: Does CBD or cannabis use protect against covid-19 disease??? | Finding: CBD is unlikely to have any effect on the symptoms of covid-19 disease. This is the conclusion of the only study that has investigated this. However, its validity is somewhat limited due to the small number of participants. Not explored is a possible preventive effect. It is unclear whether CBD or other cannabis constituents - ingested or smoked - protect against corona infection or covid-19 disease.",uncertain,Medizin Transparent,https://www.medizin-transparent.at/cannabis-cbd-corona/
44,Do sedatives and sleeping pills such as benzodiazepines and related substances increase the risk of Alzheimer's disease or other forms of dementia?,"Claim: Do sedatives and sleeping pills such as benzodiazepines and related substances increase the risk of Alzheimer's disease or other forms of dementia? | Finding: A link between the long-term use of sedatives and sleeping pills and the development of dementia cannot be ruled out. However, whether the drugs are the cause of dementia is unclear. Likewise, it is possible that studies show a connection only because people in the undiagnosed early stages of dementia suffer more frequently from sleep disorders or restlessness and therefore take medication against them more often.",uncertain,Medizin Transparent,https://www.medizin-transparent.at/schlafmittel-alzheimer/
45,"Does taking polyunsaturated fatty acids, such as omega-3 and omega-6, reduce ADHD symptoms in children?","Claim: Does taking polyunsaturated fatty acids, such as omega-3 and omega-6, reduce ADHD symptoms in children? | Finding: Studies to date suggest that supplements containing polyunsaturated fatty acids (for example, omega-3 and omega-6 fatty acids) tend not to have a noticeable effect on attention deficit hyperactivity disorder (ADHD). However, the quality of the studies is not sufficient to provide definitive answers.",refutes,Medizin Transparent,https://www.medizin-transparent.at/adhs-omega-3-omega-6/
46,Do infusions of vitamin C relieve symptoms of chronic fatigue or long covid?,Claim: Do infusions of vitamin C relieve symptoms of chronic fatigue or long covid? | Finding: Whether vitamin C infusions help with chronic fatigue syndrome (CFS) is questionable. This has not yet been scientifically investigated. We also could not find a single study on vitamin C and fatigue occurring in the context of Long Covid.,uncertain,Medizin Transparent,https://www.medizin-transparent.at/vitamin-c-fatigue-long-covid/
47,Does taking probiotics shorten the duration of acute infectious diarrhea?,"Claim: Does taking probiotics shorten the duration of acute infectious diarrhea? | Finding: According to current studies, the duration of disease cannot be reduced by taking probiotics. This assessment is reasonably well supported.",refutes,Medizin Transparent,https://www.medizin-transparent.at/probiotika-durchfall/
48,Does high-dose vitamin D slow down the course of disease in multiple sclerosis (MS)?,"Claim: Does high-dose vitamin D slow down the course of disease in multiple sclerosis (MS)? | Finding: We can neither clearly exclude nor confirm that there is an effect. In a total of 15 studies, no benefit could be demonstrated for high-dose vitamin D in adults with multiple sclerosis. Because the studies had many weaknesses, we cannot draw any conclusions about positive or negative effects.",uncertain,Medizin Transparent,https://www.medizin-transparent.at/multiple-sklerose-vitamin-d/
49,Does taking taiga root extract strengthen the immune system? Can it make vaccinations more effective or tolerable?,Claim: Does taking taiga root extract strengthen the immune system? Can it make vaccinations more effective or tolerable? | Finding: The alleged immune-strengthening effect of taiga root (also called Siberian ginseng) has apparently never been investigated in appropriate studies. The positive effect claimed by dietary supplement manufacturers after vaccinations is also not proven.,uncertain,Medizin Transparent,https://www.medizin-transparent.at/taigawurzel-immunsystem/
50,"Can ozone therapy, in which autologous blood is treated with ozone and recycled, favorably influence the course of COVID-19 disease?","Claim: Can ozone therapy, in which autologous blood is treated with ozone and recycled, favorably influence the course of COVID-19 disease? | Finding: The few studies on this subject have gross deficiencies and are therefore not conclusive. Their results do not provide any evidence of efficacy of ozone therapy.",uncertain,Medizin Transparent,https://www.medizin-transparent.at/ozontherapie-covid-19/
51,Does dimenhydrinate relieve travel nausea better than a placebo?,"Claim: Does dimenhydrinate relieve travel nausea better than a placebo? | Finding: The best available studies on the subject are unfortunately not conclusive, for example because they were quite small and the publications lack many details for traceability.  Therefore, we can neither prove nor exclude an effect.",uncertain,Medizin Transparent,https://www.medizin-transparent.at/reiseuebelkeit-dimenhydrinat/
52,Does dimenhydrinate relieve travel nausea as well as the proven drug scopolamine???,"Claim: Does dimenhydrinate relieve travel nausea as well as the proven drug scopolamine??? | Finding: The best available studies on the subject are unfortunately not conclusive, for example because they were quite small and the publications lack many details for traceability.  Therefore, we can neither prove nor exclude an effect.",uncertain,Medizin Transparent,https://www.medizin-transparent.at/reiseuebelkeit-dimenhydrinat/
53,Does short-term fasting improve quality of life in cancer?,Claim: Does short-term fasting improve quality of life in cancer? | Finding: We found only three very small studies on both questions. Their results are so unreliable that we cannot make any assessment. So we cannot say whether the quality of life of those affected is improved and whether fasting during chemotherapy reduces side effects.,uncertain,Medizin Transparent,https://www.medizin-transparent.at/chemotherapie-fasten/
54,Does short-term fasting reduce the side effects of chemotherapy for cancer???,Claim: Does short-term fasting reduce the side effects of chemotherapy for cancer??? | Finding: We found only three very small studies on both questions. Their results are so unreliable that we cannot make any assessment. So we cannot say whether the quality of life of those affected is improved and whether fasting during chemotherapy reduces side effects.,uncertain,Medizin Transparent,https://www.medizin-transparent.at/chemotherapie-fasten/
55,Are extracts of Artemisa annua (annual mugwort) or the active ingredient artemisinin obtained from it effective against coronavirus?,"Claim: Are extracts of Artemisa annua (annual mugwort) or the active ingredient artemisinin obtained from it effective against coronavirus? | Finding: To date, only one study can be found that investigated Artemisia treatment in mild covid-19 progression. However, due to numerous shortcomings, the results are not conclusive. It has not been studied whether Artemisia helps or prevents severe covid 19 disease or whether the plant can prevent coronavirus infection.",uncertain,Medizin Transparent,https://www.medizin-transparent.at/artemisia-coronavirus/
56,Can zinc mitigate the progression of Covid-19?,Claim: Can zinc mitigate the progression of Covid-19? | Finding: The results of two studies on this suggest that sufferers with Covid-19 do not recover more quickly with zinc than without. A preventive effect has not yet been investigated in studies.,refutes,Medizin Transparent,https://www.medizin-transparent.at/zink-corona/
57,Does zinc preventively protect against covid-19 disease???,Claim: Does zinc preventively protect against covid-19 disease??? | Finding: The results of two studies on this suggest that sufferers with Covid-19 do not recover more quickly with zinc than without. A preventive effect has not yet been investigated in studies.,uncertain,Medizin Transparent,https://www.medizin-transparent.at/zink-corona/
58,Does a cold spray with trypsin protect against colds or covid-19? Does the spray reduce symptoms and duration of illness?,Claim: Does a cold spray with trypsin protect against colds or covid-19? Does the spray reduce symptoms and duration of illness? | Finding: The question was investigated in two small studies with gross deficiencies. They cannot prove that treatment with the cold spray relieves symptoms or shortens the duration of illness. Whether the spray has a preventive effect has not been researched for either colds or Covid-19.,uncertain,Medizin Transparent,https://www.medizin-transparent.at/erkaeltungsspray/
59,"Does injecting low-dose Corona vaccine into the skin (mesotherapy vaccination, microvaccination) protect against Covid-19 as well as proven full-dose vaccination into muscle?","Claim: Does injecting low-dose Corona vaccine into the skin (mesotherapy vaccination, microvaccination) protect against Covid-19 as well as proven full-dose vaccination into muscle? | Finding: Some doctors offer corona vaccination using the so-called mesotherapeutic method. Here, vaccination is administered into the skin instead of into the upper arm muscle, with a fraction of the tested and approved dose. Such applications have not been explored for the Corona vaccines. Effective protection against Covid-19 is not assured.",uncertain,Medizin Transparent,https://www.medizin-transparent.at/mesotherapie-impfung-corona/
60,Do herbal remedies with nasturtium and horseradish (Kren) prevent recurrent cystitis?,"Claim: Do herbal remedies with nasturtium and horseradish (Kren) prevent recurrent cystitis? | Finding: As for prevention, we have found only one small but somewhat reliable study. According to this, nasturtium-horseradish remedies probably cannot prevent cystitis. For the treatment of cystitis, we were also only able to evaluate one study. However, it leaves too many questions unanswered to be able to clearly assess its effectiveness.",refutes,Medizin Transparent,https://www.medizin-transparent.at/blasenentzuendung-kapuzinerkresse-meerrettich/
61,Do herbal remedies with nasturtium and horseradish alleviate the symptoms of cystitis as well as an antibiotic???,"Claim: Do herbal remedies with nasturtium and horseradish alleviate the symptoms of cystitis as well as an antibiotic??? | Finding: As for prevention, we have found only one small but somewhat reliable study. According to this, nasturtium-horseradish remedies probably cannot prevent cystitis. For the treatment of cystitis, we were also only able to evaluate one study. However, it leaves too many questions unanswered to be able to clearly assess its effectiveness.",uncertain,Medizin Transparent,https://www.medizin-transparent.at/blasenentzuendung-kapuzinerkresse-meerrettich/
62,Does mistletoe therapy help against cancer or can it improve the quality of life of cancer patients?,"Claim: Does mistletoe therapy help against cancer or can it improve the quality of life of cancer patients? | Finding: Mistletoe therapy for cancer has been investigated in some studies. However, these are very poor and come to inconsistent results. They cannot prove that mistletoe therapy is effective. In addition, there is a suspicion that mistletoe preparations may even stimulate tumor growth in some types of cancer.",uncertain,Medizin Transparent,https://www.medizin-transparent.at/misteltherapie-krebs/
63,Can homeopathic remedies prevent colds in children?,"Claim: Can homeopathic remedies prevent colds in children? | Finding: Well-conducted studies find neither a preventive nor an alleviating effect of homeopathy on children's colds (chills). However, these studies have examined too few children for a truly conclusive result. Larger studies would be needed for a clear answer.  It is not scientifically plausible that homeopathic remedies are effective.",refutes,Medizin Transparent,https://www.medizin-transparent.at/kinder-erkaeltung-homoeopathie/
64,Can homeopathic remedies relieve colds in children??,"Claim: Can homeopathic remedies relieve colds in children?? | Finding: Well-done studies find neither a preventive nor an alleviating effect of homeopathy on children's colds (chills). However, these studies have examined too few children for a truly conclusive result. Larger studies would be needed for a clear answer.  It is not scientifically plausible that homeopathic remedies are effective.",refutes,Medizin Transparent,https://www.medizin-transparent.at/kinder-erkaeltung-homoeopathie/
65,Do agents containing uridine and/or cytidine improve the symptoms of polyneuropathy?,Claim: Do agents containing uridine and/or cytidine improve the symptoms of polyneuropathy? | Finding: We have not been able to find any meaningful studies on this question.,uncertain,Medizin Transparent,https://www.medizin-transparent.at/uridin-cytidin-polyneuropathie/
66,Can treatments with ultrasound relieve the pain of osteoarthritis?,"Claim: Can treatments with ultrasound relieve the pain of osteoarthritis? | Finding: A number of studies have investigated whether ultrasound can help with osteoarthritis of the knee joints. However, their results are not conclusive; the study results are too contradictory to make a definite statement. For osteoarthritis of the hip or hands, this has not been investigated at all.",uncertain,Medizin Transparent,https://www.medizin-transparent.at/ultraschall-arthrose/
67,Does regular exercise reduce the severity and duration of colds and other respiratory infections?,"Claim: Does regular exercise reduce the severity and duration of colds and other respiratory infections? | Finding: Previous studies suggest that sports-playing people may be just as likely to have respiratory infections as sports-muffle people. However, the illnesses are likely to be somewhat less severe and a bit shorter overall.",supports,Medizin Transparent,https://www.medizin-transparent.at/sport-immunsystem/
68,Can regular exercise prevent you from getting a cold or other respiratory infections???,"Claim: Can regular exercise prevent you from getting a cold or other respiratory infections??? | Finding: Previous studies suggest that sports-playing people may be just as likely to have respiratory infections as sports-muffle people. However, the illnesses are likely to be somewhat less severe and a bit shorter overall.",refutes,Medizin Transparent,https://www.medizin-transparent.at/sport-immunsystem/
69,"Can cold showers, cold baths or cold water treading according to Kneipp prevent colds and respiratory infections in adults?","Claim: Can cold showers, cold baths or cold water treading according to Kneipp prevent colds and respiratory infections in adults? | Finding: The three studies conducted to date are too deficient to answer this question.",uncertain,Medizin Transparent,https://www.medizin-transparent.at/kalt-duschen/
70,"Can the Wim Hof method - consisting of breathing training, meditation and acclimatization to cold - strengthen the immune system of healthy people and thus prevent infectious diseases?","Claim: Can the Wim Hof method - consisting of breathing training, meditation and acclimatization to cold - strengthen the immune system of healthy people and thus prevent infectious diseases? | Finding: There are individual small studies on the Wim Hof method, but they are poor and inconclusive. Whether the method reduces the probability of infectious diseases has never been researched.",uncertain,Medizin Transparent,https://www.medizin-transparent.at/wim-hof-methode/
71,Do saw palmetto preparations improve the symptoms of benign enlarged prostate (benign prostatic hyperplasia) in the longer term compared to placebo?,"Claim: Do saw palmetto preparations improve the symptoms of benign enlarged prostate (benign prostatic hyperplasia) in the longer term compared to placebo? | Finding: According to current studies, remedies with saw palmetto do not improve the symptoms of a benign enlarged prostate in the longer term more than a placebo. This assessment is well supported.",refutes,Medizin Transparent,https://www.medizin-transparent.at/saegepalme-prostata/
72,Does honey help against acute cough in children?,"Claim: Does honey help against acute cough in children? | Finding: Honey should help children with acute cough: The coughing attacks are likely to become somewhat less frequent, weaker and less distressing. Children's and parents' sleep may also improve, and the time to resolution is likely to be a little shorter. However, the effects achieved are only small.",supports,Medizin Transparent,https://www.medizin-transparent.at/honig-gegen-husten-bei-kindern/
73,Can Artemisia tea cure malaria as well as drugs?,"Claim: Can Artemisia tea cure malaria as well as drugs? | Finding: Four studies with a total of relatively few participants come to contradictory results. Since all studies have problems, we cannot draw any meaningful conclusions about the healing success - i.e., we can neither confirm nor exclude a positive lasting effect.",uncertain,Medizin Transparent,https://www.medizin-transparent.at/malaria-artemisia/
74,Does thyme help against cough?,Claim: Does thyme help against cough? | Finding: Whether thyme is effective against cough has not yet been researched in meaningful studies.,uncertain,Medizin Transparent,https://www.medizin-transparent.at/thymian-husten/
75,Does coenzyme Q10 relieve muscle discomfort during treatment with statins?,"Claim: Does coenzyme Q10 relieve muscle discomfort during treatment with statins? | Finding: Several studies come to contradictory results. In addition, the range of variation in the estimated effect is very large, and the individual studies have certain shortcomings. On this basis, no firm conclusions can be drawn.",uncertain,Medizin Transparent,https://www.medizin-transparent.at/coenzym-q10-statine/
76,Does Chaga mushroom help against cancer or other diseases?,Claim: Does Chaga mushroom help against cancer or other diseases? | Finding: The effect of Chaga mushrooms has not yet been investigated in studies with humans.,uncertain,Medizin Transparent,https://www.medizin-transparent.at/chaga-pilz/
77,"Can filtering out blue light using blue filter glasses or night mode settings on smartphone, tablet or laptop screens have a beneficial effect on sleep?","Claim: Can filtering out blue light using blue filter glasses or night mode settings on smartphone, tablet or laptop screens have a beneficial effect on sleep? | Finding: In previous studies, it makes no noticeable difference to sleep when the blue light component of display screen devices is filtered out in the evening. However, the results are not well validated because the studies are of low quality and usually only examined a few people.",refutes,Medizin Transparent,https://www.medizin-transparent.at/schlaflos-durch-blaues-licht/
78,Is strophanthin an effective cardiovascular drug?,"Claim: Is strophanthin an effective cardiovascular drug? | Finding: We found two small flawed studies. They only investigated whether complaints improve in the short term, but not the long-term effect on disease progression and deaths. Since the studies are quite old, it is also not possible to assess how strophanthin compares with modern, well-studied drugs.",uncertain,Medizin Transparent,https://www.medizin-transparent.at/strophanthin-das-verschwundene-herzmedikament/
79,Can regular intake of vitamin C prevent colds?,"Claim: Can regular intake of vitamin C prevent colds? | Finding: Preventive intake of high-dose vitamin C for a long time does not prevent the occurrence of colds. However, it can reduce the average duration of illness by half a day to a day from a week. Vitamin C is unlikely to improve a cold that has already occurred.",refutes,Medizin Transparent,https://www.medizin-transparent.at/vitamin-c-beinahe-nutzlos-gegen-erkaltungen/
80,Can taking vitamin C after the onset of a cold relieve symptoms or shorten the illness?,"Claim: Can taking vitamin C after the onset of a cold relieve symptoms or shorten the illness? | Finding: Preventive intake of high-dose vitamin C for a long time does not prevent the occurrence of colds. However, it can reduce the average duration of illness by half a day to a day from a week. Vitamin C is unlikely to improve a cold that has already occurred.",refutes,Medizin Transparent,https://www.medizin-transparent.at/vitamin-c-beinahe-nutzlos-gegen-erkaltungen/
81,Do saline nasal rinses and nasal sprays or inhaling with steam from saline solution help with colds?,Claim: Do saline nasal rinses and nasal sprays or inhaling with steam from saline solution help with colds? | Finding: Whether nasal rinses or nasal sprays with salt water help with colds (chills) with a blocked or runny nose cannot be answered by the studies conducted to date. This is because they come to contradictory results and are not very conclusive. Whether inhaling with steam from hot salt water helps with colds has not yet been researched.,uncertain,Medizin Transparent,https://www.medizin-transparent.at/kochsalzloesung-nase/
82,Do remedies with ginseng help with erectile dysfunction?,"Claim: Do remedies with ginseng help with erectile dysfunction? | Finding: Previous studies suggest that dietary supplements with ginseng tend not to bring a significant change. This means that neither erectile function nor sexual satisfaction are likely to improve. At the very least, however, side effects are not likely to occur in large numbers. All assessments are not well substantiated.",refutes,Medizin Transparent,https://www.medizin-transparent.at/ginseng-potenzmittel/
83,Can taking spermidine prolong life? Can it prevent diseases?,"Claim: Can taking spermidine prolong life? Can it prevent diseases? | Finding: No study has yet investigated whether spermidine in the form of dietary supplements helps people live longer or healthier. There are two observational studies on the influence of a spermidine-rich diet on life expectancy. However, their results are not conclusive.",uncertain,Medizin Transparent,https://www.medizin-transparent.at/spermidin/
84,Can capsules or tablets with lactase improve the symptoms of lactose intolerance and make dairy products more tolerable?,"Claim: Can capsules or tablets with lactase improve the symptoms of lactose intolerance and make dairy products more tolerable? | Finding: Tablets and capsules containing the enzyme lactase may alleviate the symptoms of lactose intolerance. It is unclear whether those affected feel the effect clearly. Our assessment is not well substantiated. The studies published to date are very small and, for the most part, poorly conducted.",supports,Medizin Transparent,https://www.medizin-transparent.at/laktoseintoleranz-tabletten-laktase/
85,Can weighted blankets help with sleep disorders?,"Claim: Can weighted blankets help with sleep disorders? | Finding: Studies to date find no convincing evidence of effective help for sleep disorders - at least in autistic children and adults with mental illness. However, a benefit cannot be ruled out either. More research is needed.",uncertain,Medizin Transparent,https://www.medizin-transparent.at/gewichtsdecken-schlaf/
86,Does the drug remdesivir prevent COVID-19 deaths?,"Claim: Does the drug remdesivir prevent COVID-19 deaths? | Finding: For some time, great hope was placed in Remdesivir in the fight against the pandemic. According to the studies conducted so far, however, the drug cannot prevent deaths from Covid-19. It is of little help that the disease seems to worsen somewhat more slowly with Remdesivir.",refutes,Medizin Transparent,https://www.medizin-transparent.at/remdesivir-covid-19/
87,Does magnetic resonance therapy improve complaints of knee osteoarthritis or herniated discs (e.g. pain)?,"Claim: Does magnetic resonance therapy improve complaints of knee osteoarthritis or herniated discs (e.g. pain)? | Finding: Previous studies of MBST nuclear magnetic resonance therapy have shown no difference from sham treatment - suggesting that the treatment does not help. However, this judgment cannot be well supported due to the lack of power of the studies.",refutes,Medizin Transparent,https://www.medizin-transparent.at/kernspinresonanztherapie-schmerzlinderung-fraglich/
88,Are oral zinc supplements effective for treating a cold (chill)?,"Claim: Are oral zinc supplements effective for treating a cold (chill)? | Finding: It is possible that oral zinc supplements may slightly shorten the duration of a cold in adults. However, many details concerning efficacy and safety are still unclear. Studies to date cannot answer the question of whether zinc also has a preventive effect - they are not conclusive enough.",supports,Medizin Transparent,https://www.medizin-transparent.at/zink-erkaeltung/
89,Do oral zinc supplements prevent a cold???,"Claim: Do oral zinc supplements prevent a cold??? | Finding: It is possible that oral zinc supplements may slightly shorten the duration of a cold in adults. However, many details concerning efficacy and safety are still unclear. Studies to date cannot answer the question of whether zinc also has a preventive effect - they are not conclusive enough.",uncertain,Medizin Transparent,https://www.medizin-transparent.at/zink-erkaeltung/
90,Is colloidal gold good for health?,"Claim: Is colloidal gold good for health? | Finding: Statements about a possible health benefit of ""drinkable nano gold"" are not possible, because there are no good studies about it. Gold in other forms can help with rheumatism and other diseases, but side effects often occur.",uncertain,Medizin Transparent,https://www.medizin-transparent.at/kolloidales-gold/
91,Do probiotics alleviate the symptoms of irritable bowel syndrome?,"Claim: Do probiotics alleviate the symptoms of irritable bowel syndrome? | Finding: Three summaries of the best available studies consistently found a small effect. However, it is unclear whether the computationally ""visible"" effect is actually noticeable for people with irritable bowel syndrome. There is also evidence that not all studies have been published.",supports,Medizin Transparent,https://www.medizin-transparent.at/reizdarm-probiotika/
92,Do you get a stomach ache if you eat cherries or other stone fruit and then drink water?,Claim: Do you get a stomach ache if you eat cherries or other stone fruit and then drink water? | Finding: We found no scientific studies or documented case reports showing that drinking water after eating cherries causes discomfort.,uncertain,Medizin Transparent,https://www.medizin-transparent.at/kirschen-wasser/
93,Can acoustic CR ® neuromodulation according to Tass help with tinnitus?,"Claim: Can acoustic CR ® neuromodulation according to Tass help with tinnitus? | Finding: The only two potentially meaningful studies cannot answer the question. This is because they are small and have serious flaws. A large study intended to show the effectiveness of ""acoustic coordinated reset (CR) neuromodulation"" for tinnitus produced inconclusive results - and was never published. Whether the therapy can help with tinnitus thus remains questionable.",uncertain,Medizin Transparent,https://www.medizin-transparent.at/tinnitus-neuromodulation/
94,Is ivermectin an effective drug for treating covid 19 disease?,"Claim: Is ivermectin an effective drug for treating covid 19 disease? | Finding: Studies to date suggest that ivermectin does not mitigate covid-19. There is also no evidence that the drug can prevent deaths from covid-19. However, a possible beneficial effect cannot be ruled out with certainty either. Larger studies would be needed for this.",refutes,Medizin Transparent,https://www.medizin-transparent.at/ivermectin-corona/
95,Does ivermectin lower the risk of death in covid-19?,"Claim: Does ivermectin lower the risk of death in covid-19? | Finding: Studies to date suggest that ivermectin does not mitigate covid-19. There is also no evidence that the drug can prevent deaths from covid-19. However, a possible beneficial effect cannot be ruled out with certainty either. Larger studies would be needed for this.",uncertain,Medizin Transparent,https://www.medizin-transparent.at/ivermectin-corona/
96,Can green tea protect against coronavirus infection or help treat covid-19?,"Claim: Can green tea protect against coronavirus infection or help treat covid-19? | Finding: So far, this has not been verified in studies with humans. Such an effect is therefore unclear.",uncertain,Medizin Transparent,https://www.medizin-transparent.at/gruener-tee-corona/
97,Does vitamin D alleviate autism symptoms in children?,"Claim: Does vitamin D alleviate autism symptoms in children? | Finding: Studies on the subject are sparse and inconclusive. Even if individual studies claim to have observed positive effects, their results are unclear and contradictory. A strong improvement of autism symptoms was not shown in any of the previous studies.",uncertain,Medizin Transparent,https://www.medizin-transparent.at/vitamin-d-autismus/
98,Does glutathione improve the tolerability of chemotherapy for cancer?,"Claim: Does glutathione improve the tolerability of chemotherapy for cancer? | Finding: Eight studies have examined whether glutathione can mitigate or prevent nerve damage during platinum-containing chemotherapy. But unfortunately, they do not allow reliable conclusions to be drawn: The studies were rather small, used different measurement tools, and came to contradictory results.",uncertain,Medizin Transparent,https://www.medizin-transparent.at/chemotherapie-glutathion/
99,Does carnosine relieve autism symptoms in children?,"Claim: Does carnosine relieve autism symptoms in children? | Finding: Previous studies suggest a lack of efficacy. However, the small number of participants and shortcomings in the study design reduce the significance of the results.",refutes,Medizin Transparent,https://www.medizin-transparent.at/carnosin-autismus/
100,Can echinacea protect against Sars-CoV-2 infection or help treat covid-19?,Claim: Can echinacea protect against Sars-CoV-2 infection or help treat covid-19? | Finding: There are no clinical studies on the prevention of Covid-19. The only study on the treatment of Covid-19 does not allow an assessment due to numerous shortcomings.,uncertain,Medizin Transparent,https://www.medizin-transparent.at/echinacea-corona/
101,"Does amygdalin, the toxin from the seeds of apricots and other stone fruits, help against cancer?","Claim: Does amygdalin, the toxin from the seeds of apricots and other stone fruits, help against cancer? | Finding: It is a myth that eating bitter apricot seeds can cure or prevent cancer. Instead, it has been proven that the amygdalin contained in them is toxic. Eating bitter apricot seeds can cause severe poisoning, sometimes fatal.",uncertain,Medizin Transparent,https://www.medizin-transparent.at/marillenkerne-krebs/
102,Can ginkgo extract relieve the symptoms of tinnitus?,"Claim: Can ginkgo extract relieve the symptoms of tinnitus? | Finding: Preparations with ginkgo extract cannot help with tinnitus. They do not reduce the volume of the ringing in the ears any more than a placebo. This is the result of a summary of the most significant studies, which all came to the same conclusion.",refutes,Medizin Transparent,https://www.medizin-transparent.at/ginkgo-tinnitus/
103,Do remedies with ginkgo help against tinnitus in people with dementia?,"Claim: Do remedies with ginkgo help against tinnitus in people with dementia? | Finding: The efficacy of ginkgo against tinnitus in dementia patients has been co-tested in a few studies. Some of these studies are not well understood. Based on the results published so far, we cannot make a clear assessment of efficacy - i.e. neither confirm nor exclude that ginkgo helps in this case.",uncertain,Medizin Transparent,https://www.medizin-transparent.at/ginkgo-tinnitus-demenz/
104,Does garlic protect against corona infections?,"Claim: Does garlic protect against corona infections? | Finding: We could not find a single meaningful study on the protective effect of garlic against Corona infections. There is no scientific basis for such claims. On the question of whether garlic protects against colds, we were able to evaluate only one study. However, this is relatively small and has gross weaknesses. The supposedly positive result is therefore not reliable.",uncertain,Medizin Transparent,https://www.medizin-transparent.at/knoblauch-erkaeltung-corona/
105,Does garlic protect against a cold (chill)??,"Claim: Does garlic protect against a cold (chill)?? | Finding: We could not find a single meaningful study on the protective effect of garlic against Corona infections. There is no scientific basis for such claims. On the question of whether garlic protects against colds, we were able to evaluate only one study. However, this is relatively small and has gross weaknesses. The supposedly positive result is therefore not reliable.",uncertain,Medizin Transparent,https://www.medizin-transparent.at/knoblauch-erkaeltung-corona/
106,Do dietary supplements with magnesium and/or zinc improve symptoms in children with ADHD?,"Claim: Do dietary supplements with magnesium and/or zinc improve symptoms in children with ADHD? | Finding: For magnesium, we did not find any meaningful studies. For zinc, we were able to identify several studies that appear interesting at first glance. However, the studies are deficient, contradictory and possibly not transferable to the situation in Europe. Therefore, we cannot derive any definite statements.",uncertain,Medizin Transparent,https://www.medizin-transparent.at/adhs-magnesium-zink/
107,"Does a nasal spray with carrageenan from red algae relieve discomfort from a cold (""chill"")?","Claim: Does a nasal spray with carrageenan from red algae relieve discomfort from a cold (""chill"")? | Finding: Such a nasal spray is unlikely to significantly alleviate cold symptoms or shorten the duration of the cold. Whether the spray can in principle protect against a cold has not yet been researched.",refutes,Medizin Transparent,https://www.medizin-transparent.at/rotalge-erkaeltung/
108,Does a nasal spray with carrageenan from red algae prevent colds?,Claim: Does a nasal spray with carrageenan from red algae prevent colds? | Finding: Such a nasal spray is unlikely to significantly alleviate cold symptoms or shorten the duration of the cold. Whether the spray can in principle protect against a cold has not yet been researched.,uncertain,Medizin Transparent,https://www.medizin-transparent.at/rotalge-erkaeltung/
109,"Can the ""Miracle Mineral Supplement"" MMS (sodium chlorite) cure diseases or alleviate ailments?","Claim: Can the ""Miracle Mineral Supplement"" MMS (sodium chlorite) cure diseases or alleviate ailments? | Finding: Experts around the world warn against the use of MMS. In several cases, the agent has caused severe poisoning. Claims about a healing effect are untenable rumors. There is no evidence that the substance is effective against autism, malaria, cancer, AIDS or hepatitis, or that it helps with an infection with the coronavirus (Covid-19).",uncertain,Medizin Transparent,https://www.medizin-transparent.at/mms-das-gefaehrliche-wundermittel/
110,Does MMS help with an infection with the coronavirus (Covid-19)?,"Claim: Does MMS help with an infection with the coronavirus (Covid-19)? | Finding: Experts around the world warn against the use of MMS. In several cases, the agent has caused severe poisoning. Claims about a healing effect are untenable rumors. There is no evidence that the substance is effective against autism, malaria, cancer, AIDS or hepatitis, or that it helps with an infection with the coronavirus (Covid-19).",uncertain,Medizin Transparent,https://www.medizin-transparent.at/mms-das-gefaehrliche-wundermittel/
111,"Does colloidal silver (""silver water"") work against infection with the coronavirus or other pathogens? Does it have any other health benefits?","Claim: Does colloidal silver (""silver water"") work against infection with the coronavirus or other pathogens? Does it have any other health benefits? | Finding: Whether colloidal silver can cure infections with the coronavirus and other diseases or has a preventive effect has never been investigated in meaningful studies. Claims about the effectiveness of silver water are therefore made up out of thin air. What is certain, however, is that colloidal silver can discolor the skin blue-gray when the metal particle solution is drunk.",uncertain,Medizin Transparent,https://www.medizin-transparent.at/kolloidales-silber/
112,Is whole-body vibration therapy effective in preventing bone fractures in osteoporosis sufferers?,"Claim: Is whole-body vibration therapy effective in preventing bone fractures in osteoporosis sufferers? | Finding: We did not find any studies that investigated whether vibration training affects the risk of bone fractures in people with osteoporosis. Therefore, we cannot make an assessment.",uncertain,Medizin Transparent,https://www.medizin-transparent.at/osteoporose-vibrationen/
113,Does regular gargling with antimicrobial mouthwashes protect against contracting coronavirus? Does it help get better faster if you have Covid 19 disease?,"Claim: Does regular gargling with antimicrobial mouthwashes protect against contracting coronavirus? Does it help get better faster if you have Covid 19 disease? | Finding: Antimicrobial mouthwashes can reduce the amount of corona viruses in the mouth and throat. However, it is not certain that this will result in a faster resolution of the symptoms of covid 19 disease. There are no studies on this yet. The same applies to the preventive effect of regular gargling with mouth rinses. Theoretically, however, there are many arguments against efficacy.",uncertain,Medizin Transparent,https://www.medizin-transparent.at/mundspuelung-corona/
114,Can inhalation with budesonide spray relieve symptoms of covid-19?,"Claim: Can inhalation with budesonide spray relieve symptoms of covid-19? | Finding: In mild covid-19 disease, the cortisone preparation budesonide may be able to alleviate symptoms somewhat and make patients feel better more quickly. However, these results are not well established. The study results available to date cannot reliably answer the question of whether patients with budesonide also need to be hospitalized less often. It is also unclear whether budesonide can also help severely ill patients or prevent deaths caused by Covid-19.",supports,Medizin Transparent,https://www.medizin-transparent.at/budesonid-corona/
115,"Can budesonide spray inhalation for covid-19 reduce the risk of hospitalization, severe or even fatal outcome?","Claim: Can budesonide spray inhalation for covid-19 reduce the risk of hospitalization, severe or even fatal outcome? | Finding: In mild covid-19 disease, the cortisone preparation budesonide may be able to alleviate symptoms somewhat and make patients feel better more quickly. However, these results are not well established. The study results available to date cannot reliably answer the question of whether patients with budesonide also need to be hospitalized less often. It is also unclear whether budesonide can also help severely ill patients or prevent deaths caused by Covid-19.",uncertain,Medizin Transparent,https://www.medizin-transparent.at/budesonid-corona/
116,Does a nasal spray with carrageenan from red algae prevent infection with coronavirus? Can it alleviate a covid 19 disease that has already broken out?,"Claim: Does a nasal spray with carrageenan from red algae prevent infection with coronavirus? Can it alleviate a covid 19 disease that has already broken out? | Finding: Whether such a spray can in principle protect against infection with the coronavirus has not yet been researched. Studies exist only on the treatment of Covid-19, but these are grossly deficient and therefore inconclusive.",uncertain,Medizin Transparent,https://www.medizin-transparent.at/carrageen-nasenspray-corona/
117,"Does the product ""BestProvita Diabetin"" improve blood glucose levels in type 2 diabetes or does it prevent secondary diseases?","Claim: Does the product ""BestProvita Diabetin"" improve blood glucose levels in type 2 diabetes or does it prevent secondary diseases? | Finding: Neither for the product ""BestProvita Diabetin"" nor for the particularly touted ingredient blueberry could we find meaningful studies.",uncertain,Medizin Transparent,https://www.medizin-transparent.at/diabetin-bestprovita/
118,Do blueberries improve blood sugar levels in type 2 diabetes or do they prevent secondary diseases?,"Claim: Do blueberries improve blood sugar levels in type 2 diabetes or do they prevent secondary diseases? | Finding: Neither for the product ""BestProvita Diabetin"" nor for the particularly touted ingredient blueberry could we find meaningful studies.",uncertain,Medizin Transparent,https://www.medizin-transparent.at/diabetin-bestprovita/
119,Do self-performed nasal drill tests in symptom-free individuals detect coronavirus infection as reliably as professionally performed rapid tests using swabs from the nasopharynx?,"Claim: Do self-performed nasal drill tests in symptom-free individuals detect coronavirus infection as reliably as professionally performed rapid tests using swabs from the nasopharynx? | Finding: The nasal drill test is said to be less complicated and less unpleasant than the rapid test with a deep swab from the nasopharynx. However, it is unclear whether both test methods provide similarly reliable results. To date, there has been no direct comparison of self-performed nasal drill testing and rapid nasopharyngeal testing by trained personnel.  Comparisons with the PCR test, currently the most reliable coronavirus detection method, however, show: In people without covid-19 symptoms, the nasal pick test is rather unreliable. About three quarters of infections could be missed.",uncertain,Medizin Transparent,https://www.medizin-transparent.at/corona-nasenbohrertests/
120,Are rapid antigen tests as reliable as slower PCR tests? Does a negative (inconspicuous) rapid test result reliably exclude an infection with the coronavirus?,"Claim: Are rapid antigen tests as reliable as slower PCR tests? Does a negative (inconspicuous) rapid test result reliably exclude an infection with the coronavirus? | Finding: Rapid antigen tests are more flexible and faster than PCR tests. However, the reliability of rapid antigen tests depends heavily on the timing of the test: the tests are most reliable when the first symptoms appear. Rapid antigen tests do not come close to the reliability of longer PCR tests.",refutes,Medizin Transparent,https://www.medizin-transparent.at/corona-antigen-schnelltest/
121,Does CBD help with sleep disorders?,Claim: Does CBD help with sleep disorders? | Finding: We could not find any meaningful studies on this question.,uncertain,Medizin Transparent,https://www.medizin-transparent.at/cbd-schlaf/
122,Are heavy (ex-)smokers less likely to die of lung cancer if they regularly participate in lung cancer screening by computed tomography (CT)?,"Claim: Are heavy (ex-)smokers less likely to die of lung cancer if they regularly participate in lung cancer screening by computed tomography (CT)? | Finding: Screening in the high-risk group probably prevents deaths from lung cancer. Whether the screened individuals actually live longer and have a higher quality of life is not clear. There are also risks: On the one hand, some screened individuals receive a diagnosis of lung cancer but would not have experienced symptoms during their lifetime. Furthermore, a small proportion of screened individuals must expect a false-positive result (""false alarm""). Until the all-clear is given, interventions are necessary for clarification, during which complications can occur.",supports,Medizin Transparent,https://www.medizin-transparent.at/lungenkrebs-screening/
123,Can lung cancer screening by computed tomography (CT) also do harm???,"Claim: Can lung cancer screening by computed tomography (CT) also do harm??? | Finding: Screening in the high-risk group likely prevents deaths from lung cancer. Whether the screened individuals actually live longer and have a higher quality of life is not clear. There are also risks: On the one hand, some screened individuals receive a diagnosis of lung cancer but would not have experienced symptoms during their lifetime. Furthermore, a small proportion of screened individuals must expect a false-positive result (""false alarm""). Until the all-clear is given, interventions are necessary for clarification, during which complications can occur.",supports,Medizin Transparent,https://www.medizin-transparent.at/lungenkrebs-screening/
124,Does hydroxychloroquine reduce the likelihood of dying from covid-19 disease?,"Claim: Does hydroxychloroquine reduce the likelihood of dying from covid-19 disease? | Finding: The results of all studies to date preclude hydroxychloroquine from preventing deaths in covid-19 patients. The drug also does not appear to attenuate the disease. A preventive effect is also unlikely, according to the study results. It is well documented that hydroxychloroquine has side effects. Among other things, the drug can damage the heart and kidneys.",refutes,Medizin Transparent,https://www.medizin-transparent.at/hydroxychloroquin-covid-19/
125,Does hydroxychloroquine prevent covid-19 infection???,"Claim: Does hydroxychloroquine prevent covid-19 infection??? | Finding: The results of all studies to date preclude hydroxychloroquine from preventing deaths in covid-19 patients. The drug also does not appear to attenuate the disease. A preventive effect is also unlikely, according to the study results. It is well documented that hydroxychloroquine has side effects. Among other things, the drug can damage the heart and kidneys.",refutes,Medizin Transparent,https://www.medizin-transparent.at/hydroxychloroquin-covid-19/
126,Do preparations containing rockrose have a preventive or soothing effect on colds (chills) and other upper respiratory tract infections? Can they protect against infections with the coronavirus?,"Claim: Do preparations containing rockrose have a preventive or soothing effect on colds (chills) and other upper respiratory tract infections? Can they protect against infections with the coronavirus? | Finding: Whether tea, lozenges, or other remedies containing cistus protect against colds has never been studied in humans. There are also no such studies on the preventive effect of cistus against corona.  Whether cistus preparations relieve the symptoms of colds (with colds, sore throats, coughs) or even covid-19 has not been clarified. We did find one study that investigated cistus lozenges for various mild to severe upper respiratory tract infections caused by viruses and bacteria. However, this study has serious flaws and does not provide definite answers about efficacy for colds.",uncertain,Medizin Transparent,https://www.medizin-transparent.at/corona-zistrose/
127,"Can Medistus Antivirus Lozenges protect against colds, flu, covid-19, or other respiratory infections?","Claim: Can Medistus Antivirus Lozenges protect against colds, flu, covid-19, or other respiratory infections? | Finding: There are no published studies that have verified the effectiveness of the lozenges. The manufacturers also do not reveal what is behind the alleged active ingredient ""Kistosyn 200"". We are therefore unable to judge whether an effect is plausible.",uncertain,Medizin Transparent,https://www.medizin-transparent.at/medistus-antivirus/
128,Does Spirulina help with obesity?,"Claim: Does Spirulina help with obesity? | Finding: According to various studies, spirulina is supposed to help with asthma, allergies, diabetes or even chronic pain, reduce the risk of cardiovascular disease or help with weight loss. However, due to serious flaws, the results of these studies are not trustworthy.",uncertain,Medizin Transparent,https://www.medizin-transparent.at/spirulina-wirkung/
129,Does spirulina have a health-promoting effect???,"Claim: Does spirulina have a health-promoting effect??? | Finding: According to various studies, spirulina is supposed to help with asthma, allergies, diabetes or even chronic pain, reduce the risk of cardiovascular disease or help with weight loss. However, due to serious flaws, the results of these studies are not trustworthy.",uncertain,Medizin Transparent,https://www.medizin-transparent.at/spirulina-wirkung/
130,Does gargling with hydrogen peroxide (H2O2) help against coronavirus or others in throat infections?,"Claim: Does gargling with hydrogen peroxide (H2O2) help against coronavirus or others in throat infections? | Finding: Whether hydrogen peroxide (H2O2) as a gargle solution is suitable to treat or prevent COVID-19, sore throats or colds has never been scientifically studied. Neither has whether regular use is harmful. However, if hydrogen peroxide is swallowed or inhaled, there may be health consequences.",uncertain,Medizin Transparent,https://www.medizin-transparent.at/wasserstoffperoxid-gurgeln/
131,Does gargling with hydrogen peroxide have health risks?,"Claim: Does gargling with hydrogen peroxide have health risks? | Finding: Whether hydrogen peroxide (H2O2) as a gargle solution is suitable to treat or prevent COVID-19, sore throats or colds has never been scientifically studied. Neither has whether regular use is harmful. However, if hydrogen peroxide is swallowed or inhaled, there may be health consequences.",uncertain,Medizin Transparent,https://www.medizin-transparent.at/wasserstoffperoxid-gurgeln/
132,Can vitamin C prevent infection with coronavirus or prevent deaths from covid-19?,Claim: Can vitamin C prevent infection with coronavirus or prevent deaths from covid-19? | Finding: Studies to date are inconclusive. There is no evidence that high-dose vitamin C infusions reduce the risk of dying from covid-19. A preventive effect has not been researched at all.,uncertain,Medizin Transparent,https://www.medizin-transparent.at/coronavirus-vitamin-c/
133,Does vitamin D prevent covid-19 disease? Does vitamin D mitigate the course of Covid 19 disease?,Claim: Does vitamin D prevent covid-19 disease? Does vitamin D mitigate the course of Covid 19 disease? | Finding: Studies to date on the treatment of covid-19 cannot answer whether vitamin D can alleviate the disease. No studies have yet been published on a possible preventive effect.,uncertain,Medizin Transparent,https://www.medizin-transparent.at/vitamin-d-corona/
134,Is plasma therapy for covid-19 effective in preventing deaths?,"Claim: Is plasma therapy for covid-19 effective in preventing deaths? | Finding: The summary of studies to date leaves a range of possibilities open. Overall, the data from mildly to fatally ill patients do not demonstrate either a positive effect or negative effects. Serious side effects have not been sufficiently researched and cannot be ruled out.",uncertain,Medizin Transparent,https://www.medizin-transparent.at/plasmatherapie-corona/
135,Does treatment with cortisone-like drugs such as dexamethasone ensure that more critically ill patients survive Covid 19 disease?,"Claim: Does treatment with cortisone-like drugs such as dexamethasone ensure that more critically ill patients survive Covid 19 disease? | Finding: In severe or even life-threatening covid-19 disease, cortisone-like medications can save lives. In non-severe covid-19 disease, this has not been proven. Here, there is even evidence that mortality may be higher.",supports,Medizin Transparent,https://www.medizin-transparent.at/corona-cortison/
136,Can contact with holy water make you sick?,"Claim: Can contact with holy water make you sick? | Finding: Pathogens often live in holy water basins. However, whether the usual contact with holy water can actually make people ill has not been researched.",uncertain,Medizin Transparent,https://www.medizin-transparent.at/weihwasser-krankheitserreger/
137,Can Echinacea protect against colds?,"Claim: Can Echinacea protect against colds? | Finding: Regular intake of echinacea extracts could possibly offer some protection against colds. However, the effect seems to be small. It is unclear whether the plant is also suitable for treatment. Study results on this are contradictory.",supports,Medizin Transparent,https://www.medizin-transparent.at/erkaltungen-echinacea-extrakt-uberschatzt/
138,Can echinacea relieve the discomfort of colds???,"Claim: Can echinacea relieve the discomfort of colds??? | Finding: Regular intake of echinacea extracts could possibly offer some protection against colds. However, the effect seems to be small. It is unclear whether the plant is also suitable for treatment. Study results on this are contradictory.",uncertain,Medizin Transparent,https://www.medizin-transparent.at/erkaltungen-echinacea-extrakt-uberschatzt/
139,Does taking LaVita promote health or physical and mental performance? (Reader inquiry),Claim: Does taking LaVita promote health or physical and mental performance? (Reader inquiry) | Finding: There are no studies that have directly tested this question.,uncertain,Medizin Transparent,https://www.medizin-transparent.at/lavita/
140,"Do dental care products with nanoparticles of hydroxyapatite help pain-sensitive teeth? And can they prevent caries or repair already affected, decayed tooth enamel?","Claim: Do dental care products with nanoparticles of hydroxyapatite help pain-sensitive teeth? And can they prevent caries or repair already affected, decayed tooth enamel? | Finding: On these questions, we found only inadequate studies with no explanatory power. They cannot provide evidence for the claimed effects.",uncertain,Medizin Transparent,https://www.medizin-transparent.at/hydroxylapatit/
141,Can light therapy with light lamps relieve the symptoms of autumn-winter depression?,"Claim: Can light therapy with light lamps relieve the symptoms of autumn-winter depression? | Finding: Light therapy with light lamps may be able to relieve fall-winter depression. However, it seems to help only one in five affected people. It is unclear how long an improvement lasts. Long-term studies are lacking.",supports,Medizin Transparent,https://www.medizin-transparent.at/lichttherapie-winterdepression/
142,Does vitamin B3 protect against severe covid-19 events?,Claim: Does vitamin B3 protect against severe covid-19 events? | Finding: We could not find any completed meaningful studies on this topic. Two ongoing studies are currently investigating the question.,uncertain,Medizin Transparent,https://www.medizin-transparent.at/corona-vitamin-b3/
143,Does taking coenzyme Q10 improve movement disorders in Parkinson's disease?,"Claim: Does taking coenzyme Q10 improve movement disorders in Parkinson's disease? | Finding: Previous studies suggest that the intake of coenzyme Q10 does not tend to bring about any improvement in movement disorders typical of Parkinson's disease. However, this assessment is not well substantiated.",refutes,Medizin Transparent,https://www.medizin-transparent.at/coenzym-q10-parkinson/
144,Does treatment with focused high-intensity ultrasound (HIFU) reduce abdominal girth?,"Claim: Does treatment with focused high-intensity ultrasound (HIFU) reduce abdominal girth? | Finding: In a study with low significance, the abdominal circumference at the waist decreased by 1 cm after 3 months. In our estimation, this uncertain effect is very small or hardly visible.",supports,Medizin Transparent,https://www.medizin-transparent.at/ultraschall-fett/
145,Does sugar substitution increase the risk of developing or dying from cancer?,"Claim: Does sugar substitution increase the risk of developing or dying from cancer? | Finding: Most studies on sweeteners such as aspartame and cyclamate find no clear link. However, they all have major flaws, so the question cannot be answered with certainty at present. We were unable to find any meaningful studies at all on other sugar alternatives such as erythritol and xylitol.",uncertain,Medizin Transparent,https://www.medizin-transparent.at/suessstoffe-krebs/
146,Does ozonated vegetable oil help against athlete's foot or nail fungus?,Claim: Does ozonated vegetable oil help against athlete's foot or nail fungus? | Finding: We could not find any studies on these questions that we considered trustworthy.,uncertain,Medizin Transparent,https://www.medizin-transparent.at/rizol/
147,Does ozonated vegetable oil help against vaginal fungus??,Claim: Does ozonated vegetable oil help against vaginal fungus?? | Finding: We could not find any studies on these questions that we considered trustworthy.,uncertain,Medizin Transparent,https://www.medizin-transparent.at/rizol/
148,Are health checks of symptom-free individuals (screening) effective in containing the pandemic?,"Claim: Are health checks of symptom-free individuals (screening) effective in containing the pandemic? | Finding: Fever measurement at the border, questioning about complaints, or regular corona tests for health care workers: so-called screening involves examining people without complaints for a possible infection. Whether this can slow down the pandemic, however, is not well established. It is also unclear how reliably the series of health checks can distinguish infected from non-infected people. There is currently not enough solid data on this.",uncertain,Medizin Transparent,https://www.medizin-transparent.at/screening-corona/
149,Does melatonin help against jet lag?,"Claim: Does melatonin help against jet lag? | Finding: The best available studies suggest that melatonin may be effective against jet lag problems. However, this assessment is not well supported.",supports,Medizin Transparent,https://www.medizin-transparent.at/melatonin-jetlag/
150,Does sunscreen reduce the likelihood of skin cancer?,"Claim: Does sunscreen reduce the likelihood of skin cancer? | Finding: Although sunscreen protects the skin from sunburn, it has not yet been proven that it can also prevent skin cancer. The existing studies contradict each other. The problem is that the studies often did not take into account whether the participants applied the sunscreen correctly and regularly or whether the sun protection factor was sufficiently high.",uncertain,Medizin Transparent,https://www.medizin-transparent.at/sonnencreme-hautkrebs/
151,Are international travel restrictions and border health checks effective in curbing the spread of covid-19?,"Claim: Are international travel restrictions and border health checks effective in curbing the spread of covid-19? | Finding: It may be that travel-related control measures lead to a reduction in the ""import"" and ""export"" of infections across borders. It could also be that the number of infected people increases more slowly. Health checks at the border could also identify previously undetected infections - but whether this will put a real damper on the pandemic is certainly questionable.",supports,Medizin Transparent,https://www.medizin-transparent.at/corona-reisen/
152,Does hypnosis help with smoking cessation?,"Claim: Does hypnosis help with smoking cessation? | Finding: As things stand, the effectiveness of hypnosis for smoking cessation has not been proven. The study results are partly contradictory.",uncertain,Medizin Transparent,https://www.medizin-transparent.at/mit-hypnose-zum-nichtraucher/
153,Does denosumab (Prolia) reduce the risk of vertebral fractures in osteoporosis?,Claim: Does denosumab (Prolia) reduce the risk of vertebral fractures in osteoporosis? | Finding: The pooled results of studies to date show that denosumab reduces the risk of vertebral fractures more than a placebo. It may even be slightly more protective than single other osteoporosis drugs.  It cannot be ruled out that discontinuing denosumab increases the likelihood of vertebral fractures again. The studies on this are contradictory.,supports,Medizin Transparent,https://www.medizin-transparent.at/denosumab/
154,Does discontinuation of denosumab increase the risk of vertebral fractures???,Claim: Does discontinuation of denosumab increase the risk of vertebral fractures??? | Finding: The pooled results of studies to date show that denosumab reduces the risk of vertebral fractures more than a placebo. It may even be slightly more protective than single other osteoporosis drugs.  It cannot be ruled out that discontinuing denosumab increases the likelihood of vertebral fractures again. The studies on this are contradictory.,uncertain,Medizin Transparent,https://www.medizin-transparent.at/denosumab/
155,Does taking magnesium improve the symptoms of depression?,Claim: Does taking magnesium improve the symptoms of depression? | Finding: The question has been investigated in only three small studies. These had several shortcomings and in some cases reached contradictory results.,uncertain,Medizin Transparent,https://www.medizin-transparent.at/depression-magnesium/
156,Does focused ultrasound (HIFU) treatment reduce wrinkles and sagging of the skin?,"Claim: Does focused ultrasound (HIFU) treatment reduce wrinkles and sagging of the skin? | Finding: We did not find any conclusive studies. So whether HIFU has a visible effect is not solidly studied. However, there are reports of significant pain, redness and swelling.",uncertain,Medizin Transparent,https://www.medizin-transparent.at/hifu/
157,Does a ketogenic diet help against cancer?,"Claim: Does a ketogenic diet help against cancer? | Finding: To date, there are no well-done studies that have examined the effect of a ketogenic diet on cancer in humans. This involves eating little or no carbohydrates and sugar, but plenty of protein and fat. Experts take a critical view of ""cancer diets"" such as the ketogenic diet - they can also be dangerous.",uncertain,Medizin Transparent,https://www.medizin-transparent.at/den-krebs-verhungern-lassen/
158,Do curd compresses have an analgesic effect (e.g. for muscle and joint pain)? Do they have an antipyretic effect? Do curd compresses help breastfeeding women with lactation congestion?,Claim: Do curd compresses have an analgesic effect (e.g. for muscle and joint pain)? Do they have an antipyretic effect? Do curd compresses help breastfeeding women with lactation congestion? | Finding: We could not find any conclusive studies on curd wraps. Whether the effect goes beyond a cooling effect is unclear.,uncertain,Medizin Transparent,https://www.medizin-transparent.at/topfenwickel/
159,Does deuterium-reduced water prevent cancer?,"Claim: Does deuterium-reduced water prevent cancer? | Finding: We found only one study with prostate cancer patients comparing deuterium-reduced water with normal water. This small study has numerous flaws, so the results are not conclusive. We were unable to locate reliable studies on its use in other cancers or for cancer prevention.",uncertain,Medizin Transparent,https://www.medizin-transparent.at/deuterium-reduziertes-wasser/
160,Does deuterium-reduced water improve disease progression in cancer???,"Claim: Does deuterium-reduced water improve disease progression in cancer??? | Finding: We found only one study with prostate cancer patients comparing deuterium-reduced water with normal water. This small study has numerous flaws, so the results are not conclusive. We were unable to locate reliable studies on its use in other cancers or for cancer prevention.",uncertain,Medizin Transparent,https://www.medizin-transparent.at/deuterium-reduziertes-wasser/
161,Can a special mattress relieve nighttime rheumatism symptoms and thus improve sleep?,"Claim: Can a special mattress relieve nighttime rheumatism symptoms and thus improve sleep? | Finding: During our research, we did not find any scientific studies on this. Therefore, we can not make any statement about the effect of special mattresses.",uncertain,Medizin Transparent,https://www.medizin-transparent.at/rheuma-matratze/
162,Do people with blood group AB have a higher risk of developing dementia?,"Claim: Do people with blood group AB have a higher risk of developing dementia? | Finding: The risk of dementia appears to be similar for people of all four blood groups (A, B, AB, 0). This was shown by two studies that evaluated data from more than 9,000 affected individuals. The claim spread in the media that the AB blood group increases the risk of dementia is therefore unlikely to be true.",refutes,Medizin Transparent,https://www.medizin-transparent.at/blutgruppe-demenz/
163,Does therapeutic dancing help people with Parkinson's improve their movement problems?,"Claim: Does therapeutic dancing help people with Parkinson's improve their movement problems? | Finding: Dancing could somewhat improve the movement problems of affected people. It is also possible that dancing performs slightly better compared to other movement exercises. Nevertheless, it does not seem to increase the quality of life noticeably.",supports,Medizin Transparent,https://www.medizin-transparent.at/tanzen-parkinson/
164,Is it possible to reliably detect coronavirus infection based only on symptoms but without laboratory testing?,"Claim: Is it possible to reliably detect coronavirus infection based only on symptoms but without laboratory testing? | Finding: So far, no symptoms have emerged from which a covid 19 infection can be inferred with certainty. The absence of certain symptoms also does not allow an all-clear to be given. Thus, it appears that symptoms such as coughing, shortness of breath or loss of smell are not suitable for making a diagnosis. Laboratory tests (""PCR tests"") are currently the safest option (as of August 2020).",refutes,Medizin Transparent,https://www.medizin-transparent.at/corona-symptome/
165,Are home coronavirus self-tests as reliable as tests performed by trained healthcare professionals?,"Claim: Are home coronavirus self-tests as reliable as tests performed by trained healthcare professionals? | Finding: Whether self-tests from the drugstore or pharmacy provide as reliable results as a test by trained health personnel has not yet been investigated. Errors are possible when taking the sample at home. Things can also go wrong in transit to the laboratory. This can affect the accuracy of the test result. But whether done by yourself or by trained personnel, even the best Corona test is not one hundred percent reliable.",uncertain,Medizin Transparent,https://www.medizin-transparent.at/corona-selbsttest/
166,Does biotin help with hair loss? Does biotin make hair grow faster?,"Claim: Does biotin help with hair loss? Does biotin make hair grow faster? | Finding: The number of studies dealing with the effect of biotin on hair growth is insufficient. According to current research, a positive effect has not been confirmed.",uncertain,Medizin Transparent,https://www.medizin-transparent.at/biotin-haare/
167,Can induction of labor prevent infant deaths in pregnancies that go beyond the estimated due date? Does it reduce the number of neonatal intensive care unit stays?,"Claim: Can induction of labor prevent infant deaths in pregnancies that go beyond the estimated due date? Does it reduce the number of neonatal intensive care unit stays? | Finding: The summary of 34 strong studies involving 21,500 women shows that birth inductions can prevent baby deaths and neonatal intensive care unit stays - compared to observational waiting. Cesarean sections are likely to be needed less often with inductions than with waiting. The use of a suction cup and forceps is unlikely to change much, if at all. The results apply to women with no special risks and in the case that the pregnancy continues beyond the expected delivery date.",supports,Medizin Transparent,https://www.medizin-transparent.at/geburt-einleiten/
168,Does induction of labor make cesarean sections less necessary than observational waiting?,"Claim: Does induction of labor make cesarean sections less necessary than observational waiting? | Finding: The summary of 34 strong studies involving 21,500 women shows that birth inductions can prevent baby deaths and neonatal intensive care unit stays - compared to observational waiting. Cesarean sections are likely to be needed less often with inductions than with waiting. The use of a suction cup and forceps is unlikely to change much, if at all. The results apply to women with no special risks and in the case that the pregnancy continues beyond the expected delivery date.",supports,Medizin Transparent,https://www.medizin-transparent.at/geburt-einleiten/
169,Does the number of deliveries with a vacuum cup and forceps remain similar with induction and observational waiting???,"Claim: Does the number of deliveries with a vacuum cup and forceps remain similar with induction and observational waiting??? | Finding: The summary of 34 strong studies involving 21,500 women shows that birth inductions can prevent baby deaths and neonatal intensive care unit stays - compared to observational waiting. Cesarean sections are likely to be needed less often with inductions than with waiting. The use of a suction cup and forceps is unlikely to change much, if at all. The results apply to women with no special risks and in the case that the pregnancy continues beyond the expected delivery date.",supports,Medizin Transparent,https://www.medizin-transparent.at/geburt-einleiten/
170,"Does taking supplements with omega-3 fatty acids reduce the risk of heart attack, stroke or other sudden cardiovascular problems?  Does it lower the risk of dying prematurely?","Claim: Does taking supplements with omega-3 fatty acids reduce the risk of heart attack, stroke or other sudden cardiovascular problems?  Does it lower the risk of dying prematurely? | Finding: The summarized results of studies to date clearly show that dietary supplements with omega-3 fatty acids do not protect against acute cardiovascular diseases such as heart attack or stroke. The same applies to diets particularly rich in omega-3s.  Additional omega-3 fatty acids also cannot reduce the general risk of premature death.",refutes,Medizin Transparent,https://www.medizin-transparent.at/omega-3-fette-das-halbherzige-wundermittel/
171,"Can taking dietary supplements with omega-3 fatty acids prevent further heart attacks or strokes if one has already had a heart attack?  In this case, does it lower the risk of dying prematurely??","Claim: Can taking dietary supplements with omega-3 fatty acids prevent further heart attacks or strokes if one has already had a heart attack?  In this case, does it lower the risk of dying prematurely?? | Finding: The summarized results of studies to date clearly show that dietary supplements with omega-3 fatty acids do not protect against acute cardiovascular diseases such as heart attack or stroke. The same applies to diets particularly rich in omega-3s.  Additional omega-3 fatty acids also cannot reduce the general risk of premature death.",refutes,Medizin Transparent,https://www.medizin-transparent.at/omega-3-fette-das-halbherzige-wundermittel/
172,Can cosmetic products with caffeine for hair and scalp help against hereditary hair loss?,"Claim: Can cosmetic products with caffeine for hair and scalp help against hereditary hair loss? | Finding: Caffeine can penetrate the hair root and prolong the hair growth phase there - at least if the hair loss is hereditary (androgenetic alopecia). At least, this is what studies from the laboratory indicate. Whether caffeine shampoo or other cosmetic products containing caffeine help women and men with hereditary hair loss is not yet clear. Reliable research is still lacking.",uncertain,Medizin Transparent,https://www.medizin-transparent.at/koffein-haarausfall/
173,Is music therapy with rhythmic training helpful for people with Parkinson's who have trouble walking?,"Claim: Is music therapy with rhythmic training helpful for people with Parkinson's who have trouble walking? | Finding: Music therapy with rhythmic training could help Parkinson's sufferers walk a little faster and more safely. However, the effect is unlikely to be very great.",supports,Medizin Transparent,https://www.medizin-transparent.at/musiktherapie-bei-parkinson-heilsame-toene/
174,Do preparations with unsaponifiable components of avocado and soybean oils (ASU) help against limitations and pain in osteoarthritis of the knee joint?,Claim: Do preparations with unsaponifiable components of avocado and soybean oils (ASU) help against limitations and pain in osteoarthritis of the knee joint? | Finding: There is evidence of minor efficacy of preparations containing avocado and soybean oil (ASU). They can probably somewhat alleviate movement restrictions and pain in osteoarthritis of the knee joint - at least in the short term. An effect in osteoarthritis of the hip joint has not yet been shown. Side effects are not to be expected.,supports,Medizin Transparent,https://www.medizin-transparent.at/avocado-soja-arthrose/
175,Do preparations with unsaponifiable components of avocado and soybean oils (ASU) help against limitations and pain in osteoarthritis of the hip joint?,Claim: Do preparations with unsaponifiable components of avocado and soybean oils (ASU) help against limitations and pain in osteoarthritis of the hip joint? | Finding: There is evidence of minor efficacy of preparations containing avocado and soybean oil (ASU). They can probably somewhat alleviate movement restrictions and pain in osteoarthritis of the knee joint - at least in the short term. An effect in osteoarthritis of the hip joint has not yet been shown. Side effects are not to be expected.,refutes,Medizin Transparent,https://www.medizin-transparent.at/avocado-soja-arthrose/
176,Is it safe to take preparations containing unsaponifiable components of avocado and soybean oils (ASU)?,Claim: Is it safe to take preparations containing unsaponifiable components of avocado and soybean oils (ASU)? | Finding: There is evidence of minor efficacy of preparations containing avocado and soybean oil (ASU). They can probably somewhat alleviate movement restrictions and pain in osteoarthritis of the knee joint - at least in the short term. An effect in osteoarthritis of the hip joint has not yet been shown. Side effects are not to be expected.,supports,Medizin Transparent,https://www.medizin-transparent.at/avocado-soja-arthrose/
177,Can taking chondroitin relieve osteoarthritis pain or improve mobility in the long term?,"Claim: Can taking chondroitin relieve osteoarthritis pain or improve mobility in the long term? | Finding: In the studies conducted to date, chondroitin did not lead to any noticeable overall improvement in the symptoms of osteoarthritis. However, the results differ from one another in some cases. This limits their significance somewhat.",refutes,Medizin Transparent,https://www.medizin-transparent.at/chondroitin-arthrose/
178,Does taking arginine benefit existing cardiovascular disease or does arginine prevent it from developing?,"Claim: Does taking arginine benefit existing cardiovascular disease or does arginine prevent it from developing? | Finding: We found only one small study that investigated a benefit that was noticeable for those affected. In patients with heart failure, taking arginine did not improve exercise tolerance or quality of life. Due to a lack of details, we cannot conclusively assess how reliable these results are. Therefore, we cannot make any statements on the benefit of arginine.",uncertain,Medizin Transparent,https://www.medizin-transparent.at/arginin-gesundheitselixier-fuer-das-herz/
179,"Does ""Detoxic"" work against tapeworms and other parasites? Does ""Detoxic"" help with health complaints?","Claim: Does ""Detoxic"" work against tapeworms and other parasites? Does ""Detoxic"" help with health complaints? | Finding: There are no published studies on ""Detoxic"". The claimed effects cannot be verified and seem frivolous.",uncertain,Medizin Transparent,https://www.medizin-transparent.at/detoxic/
180,Is mannose as good as or better than antibiotics for preventing recurrent cystitis?,"Claim: Is mannose as good as or better than antibiotics for preventing recurrent cystitis? | Finding: In two studies, bladder infections occurred with a similar frequency or even less frequently with mannose than with an antibiotic. However, the studies are so poorly done that the results are not trustworthy.",uncertain,Medizin Transparent,https://www.medizin-transparent.at/mannose-blasenentzuendung/
181,Does taking vitamin K lower the risk of spinal fractures in older women?,"Claim: Does taking vitamin K lower the risk of spinal fractures in older women? | Finding: Taking vitamin K probably does not reduce the risk of vertebral fractures. However, this assessment is not well supported. The risk of other bone fractures could possibly be reduced - but only slightly. This estimate is also subject to some uncertainty.",refutes,Medizin Transparent,https://www.medizin-transparent.at/vitamin-k-osteoporose/
182,Does taking vitamin K lower the risk of other bone fractures in older women?,"Claim: Does taking vitamin K lower the risk of other bone fractures in older women? | Finding: Taking vitamin K probably does not reduce the risk of vertebral fractures. However, this assessment is not well supported. The risk of other bone fractures could possibly be reduced - but only slightly. This estimate is also subject to some uncertainty.",supports,Medizin Transparent,https://www.medizin-transparent.at/vitamin-k-osteoporose/
183,Does Smartsleep provide better or more restful sleep?,"Claim: Does Smartsleep provide better or more restful sleep? | Finding: There are no studies on this dietary supplement. Whether Smartsleep has a positive effect on sleep must first be scientifically researched. According to the manufacturer, a clinical study on this is in progress.",uncertain,Medizin Transparent,https://www.medizin-transparent.at/smartsleep/
184,"Can supplemental tryptophan, taken as a dietary supplement or with food, help with depression?","Claim: Can supplemental tryptophan, taken as a dietary supplement or with food, help with depression? | Finding: The amino acid tryptophan appears again and again as a possible treatment for depression. However, an effect could not be scientifically proven so far. Significant studies on tryptophan against depression are lacking.",uncertain,Medizin Transparent,https://www.medizin-transparent.at/tryptophan-depression/
185,Can Neuro-Socks relieve pain or improve balance and stability?,Claim: Can Neuro-Socks relieve pain or improve balance and stability? | Finding: There is no scientific evidence of such an effect.,uncertain,Medizin Transparent,https://www.medizin-transparent.at/neuro-socks/
186,"Does taking blood pressure medication in the evening prevent more heart attacks, strokes, and other acute cardiovascular diseases?","Claim: Does taking blood pressure medication in the evening prevent more heart attacks, strokes, and other acute cardiovascular diseases? | Finding: According to two large studies, taking antihypertensive drugs in the evening should significantly reduce the risk of heart attacks, strokes and similar acute cardiovascular diseases compared with taking them in the morning. However, the described effect is on the one hand rather uncertain and on the other hand not very plausible. Therefore, it is not possible to say whether evening intake is actually better. The larger of the two studies will be reviewed again (as of June 2020).",uncertain,Medizin Transparent,https://www.medizin-transparent.at/blutdrucksenker/
187,"In Covid-19, do nicotine or smoking have a protective effect, i.e., do they prevent severe progression or death?","Claim: In Covid-19, do nicotine or smoking have a protective effect, i.e., do they prevent severe progression or death? | Finding: An observational study from a Paris hospital cited in many media is not suitable to support this hypothesis. On the contrary, according to the current state of knowledge, it is plausible that smokers could have an increased risk with Covid-19. They may be more likely to have a severe course of corona infection, necessitating ventilation or death.",uncertain,Medizin Transparent,https://www.medizin-transparent.at/corona-nikotin/
188,Can red mold rice products lower blood cholesterol levels?,"Claim: Can red mold rice products lower blood cholesterol levels? | Finding: Red mold rice naturally contains the substance lovastatin, which acts as a cholesterol-lowering agent. The concentration of lovastatin in products made from red mold rice can vary greatly. Therefore, it is not certain that red mold rice is as effective as drugs containing a controlled amount of lovastatin. Depending on the dosage, undesirable side effects from red mold rice are possible - just as with the ""real"" drugs.",supports,Medizin Transparent,https://www.medizin-transparent.at/rotschimmelreis-gegen-cholesterin-sicher-und-wirksam/
189,Do products made from red mold rice have fewer side effects than cholesterol-lowering drugs called statins???,"Claim: Do products made from red mold rice have fewer side effects than cholesterol-lowering drugs called statins??? | Finding: Red mold rice naturally contains the substance lovastatin, which acts as a cholesterol-lowering agent. The concentration of lovastatin in products made from red mold rice can vary greatly. Therefore, it is not certain that red mold rice is as effective as drugs containing a controlled amount of lovastatin. Depending on the dosage, undesirable side effects from red mold rice are possible - just as with the ""real"" drugs.",refutes,Medizin Transparent,https://www.medizin-transparent.at/rotschimmelreis-gegen-cholesterin-sicher-und-wirksam/
190,Can disinfectants containing highly diluted sodium hypochlorite (below 0.1%) render corona and other viruses harmless and thus protect against infection?,"Claim: Can disinfectants containing highly diluted sodium hypochlorite (below 0.1%) render corona and other viruses harmless and thus protect against infection? | Finding: Whether disinfectants containing sodium hypochlorite reliably rid hands of viruses has never been investigated in scientific studies. However, studies on the disinfection of surfaces suggest: The low concentration of sodium hypochlorite may not be sufficient for reliable disinfection of hands.",uncertain,Medizin Transparent,https://www.medizin-transparent.at/elektrolytisch-aktiviertes-wasser-natriumhypochlorit/
191,Does cat's claw improve joint disease symptoms?,"Claim: Does cat's claw improve joint disease symptoms? | Finding: We found three small studies that investigated cat's claw in patients with rheumatoid arthritis or osteoarthritis. The studies have significant flaws and sometimes come to contradictory results. Therefore, the question cannot be answered unequivocally.",uncertain,Medizin Transparent,https://www.medizin-transparent.at/katzenkralle/
192,Do essential oils protect against corona infections and other viral infections like colds or flu?,"Claim: Do essential oils protect against corona infections and other viral infections like colds or flu? | Finding: In laboratory tests, some essential oils can successfully kill viruses. Whether spraying, inhaling or swallowing the oils also protects against infections with viruses such as the Corona virus in real life is unclear. It has not been scientifically studied yet.",uncertain,Medizin Transparent,https://www.medizin-transparent.at/aetherische-oele-erkaeltung/
193,Do air purifiers help relieve symptoms of allergic asthma?,"Claim: Do air purifiers help relieve symptoms of allergic asthma? | Finding: In our literature search, we found no evidence that air purifiers can help control allergic asthma. According to previous studies, they are unlikely to filter enough allergenic substances from indoor air to relieve symptoms or reduce medication.",refutes,Medizin Transparent,https://www.medizin-transparent.at/luftreiniger/
194,Is special baby water better for infants than tap water?,"Claim: Is special baby water better for infants than tap water? | Finding: Whether special baby water is healthier for infants than tap water has not been scientifically studied. In principle, however, tap water in Austria is also suitable for babies. Boiling tap water is no longer necessary after the sixth month of life.",uncertain,Medizin Transparent,https://www.medizin-transparent.at/babywasser/
195,Does platelet-rich plasma therapy (autologous blood therapy) reduce pain in osteoarthritis of the knee joint?,"Claim: Does platelet-rich plasma therapy (autologous blood therapy) reduce pain in osteoarthritis of the knee joint? | Finding: Injections with platelet-rich plasma could slightly reduce pain in osteoarthritis of the knee. The therapy is apparently more effective than placebo treatment, but the effect is small.  For the hip, on the other hand, studies tend to point toward no efficacy. Local side effects are common. Which form of therapy is best for whom has not yet been clarified, and long-term success has not been studied.",supports,Medizin Transparent,https://www.medizin-transparent.at/eigenbluttherapie-arthrose/
196,Does platelet-rich plasma therapy (autologous blood therapy) reduce pain in osteoarthritis of the hip joint???,"Claim: Does platelet-rich plasma therapy (autologous blood therapy) reduce pain in osteoarthritis of the hip joint??? | Finding: Injections with platelet-rich plasma could slightly reduce pain in osteoarthritis of the knee. The therapy is apparently more effective than placebo treatment, but the effect is small.  For the hip, on the other hand, studies tend to point toward no efficacy. Local side effects are common. Which form of therapy is best for whom has not yet been clarified, and long-term success has not been studied.",refutes,Medizin Transparent,https://www.medizin-transparent.at/eigenbluttherapie-arthrose/
197,"Can vitamin D supplements prevent colds, flu, colds, and other viral respiratory illnesses when there is no or only a mild deficiency of vitamin D?","Claim: Can vitamin D supplements prevent colds, flu, colds, and other viral respiratory illnesses when there is no or only a mild deficiency of vitamin D? | Finding: Taking vitamin D probably has no preventive effect against infections with cold, cold and flu viruses. This is true at least for people with normal or moderately low levels of vitamin D in their blood. If there is a severe deficiency, however, the immune system is likely to benefit from treatment with vitamin D.",refutes,Medizin Transparent,https://www.medizin-transparent.at/vitamin-d-und-das-immunsystem-was-stimmt/
198,Does ACE inhibitors like ramipril increase the risk of lung cancer?,"Claim: Does ACE inhibitors like ramipril increase the risk of lung cancer? | Finding: A large observational study has found an increased risk of lung cancer with long-term use of ACE inhibitors compared with another group of antihypertensive drugs. However, other causes for this association cannot be completely ruled out. Previous studies have reached inconsistent results. Therefore, it can currently neither be confirmed nor ruled out that the risk of lung cancer may increase with ACE inhibitors. Even if further studies should really confirm the increased risk, the effect is likely to be rather small.",uncertain,Medizin Transparent,https://www.medizin-transparent.at/ace-hemmer/
199,"Does propolis have a preventive or soothing effect against infection with coronavirus, colds or flu?","Claim: Does propolis have a preventive or soothing effect against infection with coronavirus, colds or flu? | Finding: To date, there are no studies that have investigated the effect of propolis in these viral infections.",uncertain,Medizin Transparent,https://www.medizin-transparent.at/propolis-erkaeltung/
200,Does DAILY administration of HIGH-dose atropine (0.5 - 1%) sustainably inhibit the progression of myopia in children?,"Claim: Does DAILY administration of HIGH-dose atropine (0.5 - 1%) sustainably inhibit the progression of myopia in children? | Finding: Drip-feeding high-dose atropine for 1-3 years probably inhibits the progression of myopia in the short term. If dripping is done daily, the effect does not seem to be noticeable 1 year after the end of treatment. If dripping is done monthly at first and then every 2 months, the effect is likely to last longer. Whether lower-dose atropine helps in the long term is poorly understood.",refutes,Medizin Transparent,https://www.medizin-transparent.at/kurzsichtigkeit-atropin/
201,Does MONTHLY administered HIGH-dose atropine (1%) sustainably inhibit the progression of myopia in children?,"Claim: Does MONTHLY administered HIGH-dose atropine (1%) sustainably inhibit the progression of myopia in children? | Finding: Drip-feeding high-dose atropine for 1-3 years probably inhibits the progression of myopia in the short term. If dripping is done daily, the effect does not seem to be noticeable 1 year after the end of treatment. If dripping is done monthly at first and then every 2 months, the effect is likely to last longer. Whether lower-dose atropine helps in the long term is poorly understood.",supports,Medizin Transparent,https://www.medizin-transparent.at/kurzsichtigkeit-atropin/
202,Does LOW dose atropine (0.05% or less) sustainably inhibit the progression of myopia in children???,"Claim: Does LOW dose atropine (0.05% or less) sustainably inhibit the progression of myopia in children??? | Finding: Drip-feeding high-dose atropine for 1-3 years probably inhibits the progression of myopia in the short term. If dripping is done daily, the effect does not seem to be noticeable 1 year after the end of treatment. If dripping is done monthly at first and then every 2 months, the effect is likely to last longer. Whether lower-dose atropine helps in the long term is poorly understood.",uncertain,Medizin Transparent,https://www.medizin-transparent.at/kurzsichtigkeit-atropin/
203,Is quarantining persons who have had contact with infected persons or who enter from high-risk areas an effective measure to reduce the number of COVID-19 infections and deaths?,"Claim: Is quarantining persons who have had contact with infected persons or who enter from high-risk areas an effective measure to reduce the number of COVID-19 infections and deaths? | Finding: The analysis of 29 studies suggests that quarantine can prevent COVID-19 infections and deaths. The validity of the studies to date is diminished by the fact that only mathemathic modeling studies are available for coronavirus. However, observational studies and modeling of the related diseases SARS and MERS show much the same thing: precautionary quarantine of those who may be infected is likely to be effective, especially if the action is taken early. As a stand-alone measure, quarantine is unlikely to be sufficient to sustainably contain the pandemic.",supports,Medizin Transparent,https://www.medizin-transparent.at/quarantaene-corona/
204,Can homeopathic globules protect against infection with the novel coronavirus?,"Claim: Can homeopathic globules protect against infection with the novel coronavirus? | Finding: There is no evidence that globules can protect against the novel coronavirus (SARS-CoV-2). Scientifically, this has never been investigated.  However, studies on other viral diseases, such as the common cold, show: a curative effect of homeopathy has not been proven.",uncertain,Medizin Transparent,https://www.medizin-transparent.at/coronavirus-globuli/
205,Does the osteoporosis drug teriparatide increase the risk of bone cancer as a side effect?,"Claim: Does the osteoporosis drug teriparatide increase the risk of bone cancer as a side effect? | Finding: The suspicion that teriparatide could cause bone cancer as a side effect is based on animal studies on the one hand. On the other hand, there are individual cases of bone cancer in people treated with teriparatide - although a causal relationship cannot be clearly proven here. Systematic studies of people treated with teriparatide could not provide clear results. Since bone cancer is a very rare disease, its risk factors are difficult to pin down in studies.",uncertain,Medizin Transparent,https://www.medizin-transparent.at/teriparatid-nebenwirkungen/
206,Can therapy with EMDR (Eye Movement Desensitization and Reprocessing) alleviate the symptoms of people with post-traumatic stress disorder?,Claim: Can therapy with EMDR (Eye Movement Desensitization and Reprocessing) alleviate the symptoms of people with post-traumatic stress disorder? | Finding: Therapy with EMDR is probably more effective than no therapy at all for people suffering from the psychological consequences of a traumatic experience. Its effectiveness may be similar to that of exposure therapy. This is a widely established and well-studied form of psychotherapy.,supports,Medizin Transparent,https://www.medizin-transparent.at/emdr/
207,"Does EMDR work similarly to exposure therapy, another well-studied form of psychotherapy for the symptoms of post-traumatic stress disorder???","Claim: Does EMDR work similarly to exposure therapy, another well-studied form of psychotherapy for the symptoms of post-traumatic stress disorder??? | Finding: Therapy with EMDR is probably more effective than no therapy at all for people suffering from the psychological consequences of a traumatic experience. Its effectiveness may be similar to that of exposure therapy. This is a widely established and well-studied form of psychotherapy.",supports,Medizin Transparent,https://www.medizin-transparent.at/emdr/
208,Does filling with hydrogel help with chronic back pain caused by a worn disc?,Claim: Does filling with hydrogel help with chronic back pain caused by a worn disc? | Finding: None of the studies to date can answer how well the treatment works - they lack conclusiveness for this. Some hydrogel products have since been withdrawn from the market.,uncertain,Medizin Transparent,https://www.medizin-transparent.at/hydrogel-bandscheibe/
209,Does taking hyaluronic acid in capsule form improve the symptoms of knee osteoarthritis?,"Claim: Does taking hyaluronic acid in capsule form improve the symptoms of knee osteoarthritis? | Finding: The question was examined in three small studies with various shortcomings. They come to contradictory results. Therefore, we cannot say for sure whether hyaluronic acid for oral use has a beneficial effect on the symptoms of knee osteoarthritis. We are also unable to make any reliable statements about possible risks on the basis of the best available studies.",uncertain,Medizin Transparent,https://www.medizin-transparent.at/hyaluronsaeure-knie-arthrose/
210,"Does taking chlorella provide better performance, more resilience and does it promote health?","Claim: Does taking chlorella provide better performance, more resilience and does it promote health? | Finding: We have found only one very small study on this topic with completely unclear results. From this, we cannot derive any statements on the benefits and risks of dietary supplements from chlorella algae.",uncertain,Medizin Transparent,https://www.medizin-transparent.at/chlorella/
211,Does going to the sauna several times a week prolong men's lives?,"Claim: Does going to the sauna several times a week prolong men's lives? | Finding: Men who go to the sauna several times a week live longer than those who go only once a week. However, it is possible that this is not due to the sauna at all. For women, the effect of sauna visits has not been sufficiently researched.",supports,Medizin Transparent,https://www.medizin-transparent.at/sauna-gesund/
212,Does going to the sauna several times a week prolong women's lives???,"Claim: Does going to the sauna several times a week prolong women's lives??? | Finding: Men who go to the sauna several times a week live longer than those who go only once a week. However, it is possible that this is not due to the sauna at all. For women, the effect of sauna visits has not been sufficiently researched.",uncertain,Medizin Transparent,https://www.medizin-transparent.at/sauna-gesund/
213,Does the additional offer of HIV self-testing cause more people to take an HIV test?,"Claim: Does the additional offer of HIV self-testing cause more people to take an HIV test? | Finding: Current research provides very strong evidence that the addition of HIV self-testing leads to more people taking an HIV test. Among others, people for whom testing at health facilities by professionals is not acceptable for various reasons also make use of this offer.",supports,Medizin Transparent,https://www.medizin-transparent.at/hiv-selbsttest-angebot/
214,"Can the combination of propolis, xyloglucan, gelatin and hibiscus (product ""Utipro Plus"") relieve the symptoms of cystitis or prevent cystitis?","Claim: Can the combination of propolis, xyloglucan, gelatin and hibiscus (product ""Utipro Plus"") relieve the symptoms of cystitis or prevent cystitis? | Finding: Three studies on the product ""Utipro Plus"" investigated the combination of these ingredients. However, statements on the efficacy cannot be made, as the studies have various shortcomings. We did not find any studies on the ingredients - used individually.",uncertain,Medizin Transparent,https://www.medizin-transparent.at/utipro-plus/
215,Does PEMF noticeably improve pain in osteoarthritis? Does the method improve mobility and quality of life in sufferers?,"Claim: Does PEMF noticeably improve pain in osteoarthritis? Does the method improve mobility and quality of life in sufferers? | Finding: Pain was investigated in eight small rather flawed studies. The studies arrived at widely divergent answers. In the studies with positive results, it is partly unclear whether the difference was actually noticeable for those affected. Quality of life and mobility were investigated in five and two studies, respectively - these were small and of little significance. In addition, the studies came to contradictory results.",uncertain,Medizin Transparent,https://www.medizin-transparent.at/pemf-pulsierende-magnetfelder/
216,Does oil pulling promote dental health?,"Claim: Does oil pulling promote dental health? | Finding: Studies conducted to date have been poorly done and are not conclusive. Thus, they cannot answer this question.",uncertain,Medizin Transparent,https://www.medizin-transparent.at/oelziehen-fettige-zahnhygiene-ohne-wirknachweis/
217,Can injecting stem cells into the knee joint relieve pain and limitations associated with osteoarthritis?,Claim: Can injecting stem cells into the knee joint relieve pain and limitations associated with osteoarthritis? | Finding: It is unclear whether stem cells injected into the knee for osteoarthritis have a curative effect.  Possible side effects and dangers are also insufficiently researched.,uncertain,Medizin Transparent,https://www.medizin-transparent.at/stammzellen-arthrose/
218,Can an extract of Desmodium promote liver health or relieve other ailments?,Claim: Can an extract of Desmodium promote liver health or relieve other ailments? | Finding: We found no conclusive studies on the efficacy of Desmodium - neither on liver health nor for any other application.,uncertain,Medizin Transparent,https://www.medizin-transparent.at/desmodium/
219,Does the balsam apple help against infection with the human immunodeficiency virus (HIV)?,"Claim: Does the balsam apple help against infection with the human immunodeficiency virus (HIV)? | Finding: Laboratory experiments have tested how proteins from the fruits and seeds of the balsam apple Momordica behave against the human immunodeficiency virus (HIV). However, studies with humans are still lacking.",uncertain,Medizin Transparent,https://www.medizin-transparent.at/balsamapfel-hiv/
220,Does healing clay with the clay mineral smectite help when children have diarrhea?,"Claim: Does healing clay with the clay mineral smectite help when children have diarrhea? | Finding: Healing clay with smectite could shorten a diarrheal illness in children by about one day. For healing clay with kaolinite or loess, the effectiveness is unclear.",supports,Medizin Transparent,https://www.medizin-transparent.at/heilerde-durchfall/
221,"Does a herbal combination preparation of rosemary, lovage, and centaury effectively relieve symptoms of uncomplicated cystitis?","Claim: Does a herbal combination preparation of rosemary, lovage, and centaury effectively relieve symptoms of uncomplicated cystitis? | Finding: Laboratory and animal tests indicate that ingredients of rosemary, lovage and millenium wort can relieve inflammation and cramps. The study teams concluded in the publications that the vegetable resource was effective for both purposes. From our point of view, there are cautious indications of a relieving effect in case of acute uncomplicated bladder inflammation [1] – but many questions remain open at the same time.",supports,Medizin Transparent,https://www.medizin-transparent.at/rosmarin-liebstoeckel-tausendgueldenkraut-blasenentzuendung/
222,"Can a herbal combination preparation of rosemary, lovage and centaury prevent recurrent cystitis in women?","Claim: Can a herbal combination preparation of rosemary, lovage and centaury prevent recurrent cystitis in women? | Finding: We do not consider a preventive effect to be sufficiently substantiated on the basis of the study available to us [2]. Not meaningful enough The study on the prevention of recurrent bladder inflammation [2] is very small with only 90 participants and has serious deficiencies.",uncertain,Medizin Transparent,https://www.medizin-transparent.at/rosmarin-liebstoeckel-tausendgueldenkraut-blasenentzuendung/
223,Can healing clay help with gastritis?,Claim: Can healing clay help with gastritis? | Finding: We could not find a meaningful study that scientifically examined this question.,uncertain,Medizin Transparent,https://www.medizin-transparent.at/heilerde-gastritis/
224,Does the Indian spice paste Chyawanprash have a positive effect on adult health?,Claim: Does the Indian spice paste Chyawanprash have a positive effect on adult health? | Finding: There is a lack of conclusive studies on possible health effects of Chyawanprash. We can neither confirm nor deny a beneficial effect.,uncertain,Medizin Transparent,https://www.medizin-transparent.at/chyawanprash-ayurveda/
225,Does ginger work against breast cancer?,"Claim: Does ginger work against breast cancer? | Finding: So far, only isolated animal studies and experiments with cells indicate that ginger substances could favorably influence the behavior of breast cancer cells. Studies with breast cancer patients are lacking. Therefore, there are no data on the efficacy",uncertain,Medizin Transparent,https://www.medizin-transparent.at/brustkrebs-ingwer/
226,Can Theta Healing help with physical ailments and mental problems?,"Claim: Can Theta Healing help with physical ailments and mental problems? | Finding: There are no studies that have directly examined the healing effects of Theta Healing. However, one experiment contradicts a basic assumption of the method: According to this, there is no evidence that increased theta brain waves occur in involved persons.",uncertain,Medizin Transparent,https://www.medizin-transparent.at/theta-healing/
227,Does taking Bacopa extract improve memory performance?,"Claim: Does taking Bacopa extract improve memory performance? | Finding: The question was investigated in several mainly properly done studies with more than 500 people. Overall, no significant positive effects on memory and attention were found. Since some of the studies arrived at very different results and the estimates were far apart, this clearly limits the significance of the result.",refutes,Medizin Transparent,https://www.medizin-transparent.at/bacopa/
228,"Do remedies containing the trifoliate fruit alleviate the symptoms of rheumatoid arthritis (""rheumatism"")?","Claim: Do remedies containing the trifoliate fruit alleviate the symptoms of rheumatoid arthritis (""rheumatism"")? | Finding: We have evaluated two small studies. They suggest that taking trifoliate relieves some rheumatism symptoms better than a placebo remedy. However, these results are not well established.",supports,Medizin Transparent,https://www.medizin-transparent.at/dreifluegelfrucht-vielleicht-hilfreich-bei-rheuma/
229,Does thyme strengthen memory or prevent mental decline?,Claim: Does thyme strengthen memory or prevent mental decline? | Finding: We have not been able to find any studies that have examined this question in the context of human studies.,uncertain,Medizin Transparent,https://www.medizin-transparent.at/thymian-gedaechtnis/
230,"Does regular consumption of chia seeds reduce body weight, blood sugar levels or cholesterol?","Claim: Does regular consumption of chia seeds reduce body weight, blood sugar levels or cholesterol? | Finding: Whether Chia seeds promote health has not been directly studied. The summarized results of previous studies at least indicate that Chia has no effect on body weight, blood sugar and cholesterol levels. The significance of this",refutes,Medizin Transparent,https://www.medizin-transparent.at/chia-samen/
231,Do heat patches that heat themselves or heat pads help with pain in the neck?,Claim: Do heat patches that heat themselves or heat pads help with pain in the neck? | Finding: Studies on the pain-relieving effect of heat pads and self-heating plasters are contradictory.,uncertain,Medizin Transparent,https://www.medizin-transparent.at/waermepflaster-nacken/
232,Do heat patches containing capsaicin help with neck pain???,Claim: Do heat patches containing capsaicin help with neck pain??? | Finding: Studies on the pain-relieving effect of heat pads and self-heating plasters are contradictory.,refutes,Medizin Transparent,https://www.medizin-transparent.at/waermepflaster-nacken/
233,Do heat patches help with lower back pain?,"Claim: Do heat patches help with lower back pain? | Finding: Heat patches produce heat by means of a chemical reaction. They can probably relieve low back pain somewhat in the short term. However, this has only been investigated for complaints that have persisted for a maximum of 3 months... Heat patches with chili extract (capsaicin)",supports,Medizin Transparent,https://www.medizin-transparent.at/waermepflaster-ruecken/
234,Does ginger help with period pain?,"Claim: Does ginger help with period pain? | Finding: Previous studies indicate that ginger can slightly relieve menstrual pain. However, due to deficiencies in their conduct, they are of limited value.",supports,Medizin Transparent,https://www.medizin-transparent.at/regelschmerzen-ingwer/
235,"Can the state of health be assessed as reliably with a ""cell check"" analysis as with other diagnostic tests (for example, blood or urine analyses)?","Claim: Can the state of health be assessed as reliably with a ""cell check"" analysis as with other diagnostic tests (for example, blood or urine analyses)? | Finding: There are no studies in which the reliability and significance of ""cell check"" results have been verified.",uncertain,Medizin Transparent,https://www.medizin-transparent.at/zellcheck/
236,Can pain from osteoarthritis (joint wear) be relieved by arnica ointment or arnica gel?,"Claim: Can pain from osteoarthritis (joint wear) be relieved by arnica ointment or arnica gel? | Finding: Lubricated joints with hooks We found indications of some effectiveness in the age-related joint wear (arthrosis) in the fingers – in a study [1] with 204 people affected. However, it cannot be derived from how small or large the analgesic effect of Arnika-Gel is for application.",supports,Medizin Transparent,https://www.medizin-transparent.at/arnika/
237,Can pain from a sprained ankle be relieved by arnica ointment or arnica gel?,"Claim: Can pain from a sprained ankle be relieved by arnica ointment or arnica gel? | Finding: No confidence in sprains We found a study [2] in which an arnica spray was compared with an active placebo spray to sprained ankles. However, we do not consider the study to be trustworthy, because it is rather inaccurate. In addition, important data are missing. We cannot, therefore, say whether Arnika helps in spraining the ankle. Arnika ineffective against sore muscles?",uncertain,Medizin Transparent,https://www.medizin-transparent.at/arnika/
238,Can sore muscles be relieved by arnica ointment or arnica gel?,"Claim: Can sore muscles be relieved by arnica ointment or arnica gel? | Finding: Arnika ineffective against sore muscles? There was no noticeable pain-relieving effect in any of them. Since the studies together only had 93 participants, this is not a meaningful result. We cannot therefore safely assume that arnica gels or ointments are really ineffective in case of muscle ache.",refutes,Medizin Transparent,https://www.medizin-transparent.at/arnika/
239,Can carbon dioxide in mineral water and other sparkling drinks damage teeth or cause tooth decay?,"Claim: Can carbon dioxide in mineral water and other sparkling drinks damage teeth or cause tooth decay? | Finding: Whether the regular consumption of carbonated beverages (mineral water, sparkling soft drinks) damages the teeth more than non-carbonated beverages has not yet been researched.",uncertain,Medizin Transparent,https://www.medizin-transparent.at/kohlensaeure-zaehne/
240,"Does bark extract from maritime pine (also: ""pine bark extract"") improve the symptoms of osteoarthritis?","Claim: Does bark extract from maritime pine (also: ""pine bark extract"") improve the symptoms of osteoarthritis? | Finding: The question was investigated in three smaller studies. However, due to severe methodological deficiencies and partly contradictory results, no firm conclusions can be drawn from them.",uncertain,Medizin Transparent,https://www.medizin-transparent.at/pinienrindenextrakt-arthrose/
241,"Is brown millet effective in favorably influencing the course of the disease in rheumatism (""rheumatoid arthritis"")?","Claim: Is brown millet effective in favorably influencing the course of the disease in rheumatism (""rheumatoid arthritis"")? | Finding: We could not find any studies on this topic; therefore, statements on the benefits and risks of brown millet in rheumatoid arthritis are not possible.",uncertain,Medizin Transparent,https://www.medizin-transparent.at/braunhirse-rheuma/
242,Are cannabis or substances derived from cannabis effective and safe anti-cancer agents?,Claim: Are cannabis or substances derived from cannabis effective and safe anti-cancer agents? | Finding: Reliable studies on this question are lacking.,uncertain,Medizin Transparent,https://www.medizin-transparent.at/cannabis-kein-wundermittel-gegen-krebs/
243,It is not always possible to reduce elevated cholesterol levels to a healthy level with tablets and thus minimize the risk of heart attack or stroke. Does this succeed through additional injections with PCSK9 antibodies?,"Claim: It is not always possible to reduce elevated cholesterol levels to a healthy level with tablets and thus minimize the risk of heart attack or stroke. Does this succeed through additional injections with PCSK9 antibodies? | Finding: Up to now, this question has largely been investigated in people who not only have elevated cholesterol levels, but also already suffer from cardiovascular disease. Do these individuals receive additional cholesterol-lowering medications in addition to",supports,Medizin Transparent,https://www.medizin-transparent.at/mit-antikoerpern-gegen-blutfette/
244,Do vaginal suppositories containing the active ingredient imiquimod cause precancerous stages of cervical cancer to recede or disappear?,"Claim: Do vaginal suppositories containing the active ingredient imiquimod cause precancerous stages of cervical cancer to recede or disappear? | Finding: In the only study on this subject, treatment was successful in some of those affected. Since the study is flawed and only a few women participated in it, the significance is limited.",supports,Medizin Transparent,https://www.medizin-transparent.at/vorstufe-gebaermutterhalskrebs-imiquimod/
245,Is blue light treatment as effective as UV light or other established therapies for psoriasis?,"Claim: Is blue light treatment as effective as UV light or other established therapies for psoriasis? | Finding: We have not been able to find any publication comparing blue light with established treatments (e.g., UV irradiation).",uncertain,Medizin Transparent,https://www.medizin-transparent.at/blaulicht-schuppenflechte/
246,Does frequent consumption of potatoes increase the risk of dying from cancer?,Claim: Does frequent consumption of potatoes increase the risk of dying from cancer? | Finding: The summarized results of studies to date do not show an increased risk of fatal cancers. They also do not indicate that potatoes reduce life expectancy overall.,refutes,Medizin Transparent,https://www.medizin-transparent.at/kartoffeln-krebs/
247,Can cancer be detected by dark field analysis (dark field microscopy) of the blood?,"Claim: Can cancer be detected by dark field analysis (dark field microscopy) of the blood? | Finding: No cancer diagnosis possible We could not find any evidence for these claims – despite extensive search in several research databases. Although twelve of all participants had cancer, the medical practitioner was only right in three. Even if the small number of participants somewhat restricts the significance, the study shows: A cancer ""diagnosis"" with the help of dark field analysis is often wrong and would lead to great uncertainty among those affected.",refutes,Medizin Transparent,https://www.medizin-transparent.at/dunkelfeldanalyse/
248,Can dark field analysis indicate other health problems?,"Claim: Can dark field analysis indicate other health problems? | Finding: Hardly any studies Questionable is whether other health problems can be identified with the method. Because we could not discover further meaningful studies in which the dark field analysis was compared with recognized diagnostic methods. However, the extent to which the difference is compared to conventional laboratory tests cannot be reliably stated due to numerous problems in the execution of the study.",uncertain,Medizin Transparent,https://www.medizin-transparent.at/dunkelfeldanalyse/
249,Does kombucha have a positive effect on health?,"Claim: Does kombucha have a positive effect on health? | Finding: There are no studies that have conclusively investigated the effect of kombucha in humans. In addition, it is suspected that in rare cases home-made kombucha can lead to liver disease or dangerous hyperacidity of the blood.",uncertain,Medizin Transparent,https://www.medizin-transparent.at/kombucha-wirkung/
250,Is graviola an effective and safe treatment for cancer?,Claim: Is graviola an effective and safe treatment for cancer? | Finding: Significant studies with healthy or diseased people are missing so far.,uncertain,Medizin Transparent,https://www.medizin-transparent.at/graviola-krebs/
251,Does taking preparations with fenugreek extract improve sex life or satisfaction with it?,Claim: Does taking preparations with fenugreek extract improve sex life or satisfaction with it? | Finding: We conclude that no robust conclusions can be drawn from the best available studies to date. We found only two smaller studies with serious methodological flaws. The calculated positive results are not very reliable.,uncertain,Medizin Transparent,https://www.medizin-transparent.at/bockshornklee/
252,Does disulfiram improve the effectiveness of chemotherapy for cancer?,Claim: Does disulfiram improve the effectiveness of chemotherapy for cancer? | Finding: The question has been investigated in only two older and small studies in people with advanced cancer. The studies have severe methodological flaws and come to contradictory results.,uncertain,Medizin Transparent,https://www.medizin-transparent.at/disulfiram-chemotherapie/
253,Can binaural beats relieve stress or anxiety before surgery and medical treatments?,"Claim: Can binaural beats relieve stress or anxiety before surgery and medical treatments? | Finding: Previous studies are not conclusive. Moreover, their results contradict each other.",uncertain,Medizin Transparent,https://www.medizin-transparent.at/binaurale-beats-toene-gegen-burnout/
254,Is a vegan diet healthier than a vegetarian diet?,Claim: Is a vegan diet healthier than a vegetarian diet? | Finding: There is no evidence that veganism has advantages or disadvantages for health. Both a vegetarian and a vegan diet seem to slightly reduce the risk of cancer compared to mixed diets.,uncertain,Medizin Transparent,https://www.medizin-transparent.at/veganismus-gesund-oder-riskant/
255,Can taking chlorophyll change mouth or body odor?,"Claim: Can taking chlorophyll change mouth or body odor? | Finding: There are no meaningful studies of chlorophyll as an antidote to body odor. So the alleged anti-mief effect of chlorophyll has not been seriously researched to this day. Even today, there is no conclusive explanation why chlorophyll should neutralize odors.",uncertain,Medizin Transparent,https://www.medizin-transparent.at/chlorophyll-tabletten/
256,Can taking chlorophyll affect the odor of urine in catheter wearers or stool in people with an artificial bowel outlet?,"Claim: Can taking chlorophyll affect the odor of urine in catheter wearers or stool in people with an artificial bowel outlet? | Finding: According to the nurses, all participants had unpleasant smells of urine. No desired smell In no study was the odour assessment with chlorophyll tablets better than with placebo tablets. However, the small number of participants and weaknesses in the execution of the study limit the significance of the results – therefore it is unlikely that chlorophyll tablets will influence the smell of urine and stools in individuals with urinary catheter or artificial intestinal output in a desired way.",refutes,Medizin Transparent,https://www.medizin-transparent.at/chlorophyll-tabletten/
257,Is the risk of bacterial or fungal infection comparable when using menstrual cups or pads?,Claim: Is the risk of bacterial or fungal infection comparable when using menstrual cups or pads? | Finding: Our statement is based on a solid single study. Further studies may provide even more clarity in the future.,supports,Medizin Transparent,https://www.medizin-transparent.at/menstruationstasse-nachteile/
258,"Laboratory experiments indicate that leoligin and other substances from edelweiss have a medicinal effect. However, this has not been researched in humans.","Claim: Laboratory experiments indicate that leoligin and other substances from edelweiss have a medicinal effect. However, this has not been researched in humans. | Finding: To date, no research has been conducted to determine whether compounds from edelweiss are effective and safe in humans.",uncertain,Medizin Transparent,https://www.medizin-transparent.at/edelweiss-wirkung-leoligin/
259,Can a straight bar improve harmless tension and pain in the neck and back?,"Claim: Can a straight bar improve harmless tension and pain in the neck and back? | Finding: To date, there have been no studies on the efficacy of straight-arm restraints when the pain was not due to serious illness or injury.",uncertain,Medizin Transparent,https://www.medizin-transparent.at/geradehalter/
260,Are ultrasound examinations during pregnancy safe for the health of the child?,"Claim: Are ultrasound examinations during pregnancy safe for the health of the child? | Finding: In previous studies, routine ultrasound examinations have shown no adverse effects. There were no differences in size, weight, birth complications or malformations in the neonatal period. Later, there were no differences between more frequently or less frequently ""sonicated"" children with respect to development or skills such as reading, speech, arithmetic, vision, or hearing. However, deficiencies in the study conduct limit the validity of these results quite severely.",supports,Medizin Transparent,https://www.medizin-transparent.at/ultraschall-schaedlich/
261,Can oregano oil relieve discomfort or disease?,"Claim: Can oregano oil relieve discomfort or disease? | Finding: So far, there are no conclusive studies that have investigated the health-promoting effects of oregano oil. We do not know, for example, whether it helps against infections.",uncertain,Medizin Transparent,https://www.medizin-transparent.at/oregano-oel/
262,Are Bach flower remedies effective in helping with test anxiety?,Claim: Are Bach flower remedies effective in helping with test anxiety? | Finding: Three small studies indicate that remedies with Bach flowers against test anxiety do not help better than a placebo.,refutes,Medizin Transparent,https://www.medizin-transparent.at/bachblueten-pruefungsangst/
263,Can capsules with diamine oxidase alleviate or prevent symptoms of histamine intolerance?,Claim: Can capsules with diamine oxidase alleviate or prevent symptoms of histamine intolerance? | Finding: We found only one small study with insufficient power.,uncertain,Medizin Transparent,https://www.medizin-transparent.at/diaminoxidase-histaminintoleranz/
264,Does magnesium help with period pain?,"Claim: Does magnesium help with period pain? | Finding: To date, there have been no meaningful studies examining this.",uncertain,Medizin Transparent,https://www.medizin-transparent.at/regelschmerzen-magnesium/
265,"Does cannabis improve symptoms of Parkinson's disease, for example movement disorders?","Claim: Does cannabis improve symptoms of Parkinson's disease, for example movement disorders? | Finding: The question has been investigated in only two small studies of unclear methodological quality. While they do not suggest any positive effects on different movement disorders, one study gives evidence of a small improvement in quality of life.",uncertain,Medizin Transparent,https://www.medizin-transparent.at/parkinson-cannabis/
266,Is the dietary supplement nattokinase effective and safe as a blood thinner?,"Claim: Is the dietary supplement nattokinase effective and safe as a blood thinner? | Finding: We could not find any conclusive studies on this issue. Therefore, it remains unclear whether nattokinase acts as a blood thinner and consequently prevents severe cardiovascular disease. Likewise, we do not know whether taking the enzyme is safe.",uncertain,Medizin Transparent,https://www.medizin-transparent.at/nattokinase-blutverduennung/
267,"Is the Feldenkrais Method effective against pain and tension in the neck, shoulders and back?","Claim: Is the Feldenkrais Method effective against pain and tension in the neck, shoulders and back? | Finding: Studies conducted to date are too untrustworthy to answer this question.",uncertain,Medizin Transparent,https://www.medizin-transparent.at/feldenkrais/
268,Does an alkaline bath help with neurodermatitis?,"Claim: Does an alkaline bath help with neurodermatitis? | Finding: To date, there is no meaningful research on this.",uncertain,Medizin Transparent,https://www.medizin-transparent.at/basenbad-neurodermitis/
269,"Does birch water, also called birch sap, help with health problems?","Claim: Does birch water, also called birch sap, help with health problems? | Finding: So far, there are no studies that have investigated this issue. Therefore, evidence for the effectiveness of birch water is lacking. The side effects have also not been researched.",uncertain,Medizin Transparent,https://www.medizin-transparent.at/birkenwasser/
270,Is oolong tea an effective way to lose weight?,"Claim: Is oolong tea an effective way to lose weight? | Finding: We have not found any studies on the subject. Therefore, we cannot judge whether commercial oolong tea helps overweight people reduce their weight.",uncertain,Medizin Transparent,https://www.medizin-transparent.at/oolong-tee-abnehmen/
271,"Do Waveex and similar products reduce exposure to electromagnetic fields, for example when using a cell phone or smartphone?","Claim: Do Waveex and similar products reduce exposure to electromagnetic fields, for example when using a cell phone or smartphone? | Finding: The alleged active principle of Waveex and other comparable products is not scientifically plausible. We also found no meaningful study that could provide information about a possible effect of the cell phone stickers.",uncertain,Medizin Transparent,https://www.medizin-transparent.at/waveex/
272,Can ingredients in deodorants like aluminum salts cause breast cancer?,Claim: Can ingredients in deodorants like aluminum salts cause breast cancer? | Finding: Whether the long-term use of deodorants can lead to breast cancer has not been sufficiently researched. There is a lack of studies conducted according to strict criteria with people over a longer period of time.,uncertain,Medizin Transparent,https://www.medizin-transparent.at/brustkrebs-durch-deos/
273,"Does the intake of black cumin improve the symptoms of asthma, e.g. shortness of breath?","Claim: Does the intake of black cumin improve the symptoms of asthma, e.g. shortness of breath? | Finding: The question has been investigated in four small studies. Some of them have serious methodological flaws and come to contradictory results.",uncertain,Medizin Transparent,https://www.medizin-transparent.at/schwarzkuemmel-asthma/
274,Do specially trained dogs reliably warn of dangerous hypoglycemia?,"Claim: Do specially trained dogs reliably warn of dangerous hypoglycemia? | Finding: There are some positive reports and pilot studies. However, larger, well-done studies are lacking. Therefore, it is not proven whether or which dogs reliably detect and report threatening low blood glucose levels. Also unclear: how often do diabetic alert dogs give false alarms?",uncertain,Medizin Transparent,https://www.medizin-transparent.at/diabetiker-warnhunde/
275,Does taking proton pump inhibitors (PPI) increase the risk of bone fractures?,"Claim: Does taking proton pump inhibitors (PPI) increase the risk of bone fractures? | Finding: The question has been investigated in many observational studies involving a total of around 800,000 people. These show indications that prolonged use of proton pump inhibitors may result in more bone fractures. However, it is not possible to quantify exactly how great the risk of PPI is. Presumably, the likelihood of bone fractures increases with longer use and higher dosage.",supports,Medizin Transparent,https://www.medizin-transparent.at/protonenpumpenhemmer/
276,Can matrix therapy (also: matrix rhythm therapy) alleviate complaints of muscles and joints?,Claim: Can matrix therapy (also: matrix rhythm therapy) alleviate complaints of muscles and joints? | Finding: Studies conducted to date are too deficient to answer this question.,uncertain,Medizin Transparent,https://www.medizin-transparent.at/matrix-therapie/
277,Can hyposensitization by injections with allergy-causing pollen components help with hay fever?,"Claim: Can hyposensitization by injections with allergy-causing pollen components help with hay fever? | Finding: In the case of hay fever, hyposensitization with injections can probably alleviate the symptoms somewhat. However, there is still too little research on how long this effect lasts.",supports,Medizin Transparent,https://www.medizin-transparent.at/heuschnupfen-hyposensibilisierung/
278,Can hyposensitization by means of drops or tablets administered under the tongue help with hay fever?,"Claim: Can hyposensitization by means of drops or tablets administered under the tongue help with hay fever? | Finding: Probably this form of hyposensitization helps to alleviate hay fever symptoms somewhat, but the effect is unlikely to be great.",supports,Medizin Transparent,https://www.medizin-transparent.at/hyposensibilisierung-heuschnupfen/
279,Do Blushwood berries help against skin cancer?,"Claim: Do Blushwood berries help against skin cancer? | Finding: An active ingredient (EBC-46, tigilanol tiglate) isolated from blushwood berries is currently being studied. Results of an initial study with people who have cancer have not yet been published. We have not been able to identify studies of an anti-cancer effect of other extracts from the berries that are ingested.",uncertain,Medizin Transparent,https://www.medizin-transparent.at/blushwood-hautkrebs/
280,Can relaxation exercises and a reduction in stress slow the progression of glaucoma?,Claim: Can relaxation exercises and a reduction in stress slow the progression of glaucoma? | Finding: Studies to date are too deficient to answer this question.,uncertain,Medizin Transparent,https://www.medizin-transparent.at/glaukom-stress/
281,Can dementia be prevented by years of orange juice consumption?,"Claim: Can dementia be prevented by years of orange juice consumption? | Finding: The protective effect of orange juice on mental performance has been investigated in two large studies over several years. However, changes in mental performance are not the same as a dementia diagnosis. In addition: the studies came to different results, and chance findings cannot be ruled out. Therefore, the question cannot be answered.",uncertain,Medizin Transparent,https://www.medizin-transparent.at/demenz-orangensaft/
282,Can remedies from papaya improve digestion or relieve gastrointestinal discomfort?,Claim: Can remedies from papaya improve digestion or relieve gastrointestinal discomfort? | Finding: Studies to date are too deficient to provide a meaningful answer to this question.,uncertain,Medizin Transparent,https://www.medizin-transparent.at/papaya-verdauung/
283,"Are kinesiotapes effective for chronic non-specific lower back pain (""low back pain"")?","Claim: Are kinesiotapes effective for chronic non-specific lower back pain (""low back pain"")? | Finding: The efficacy of kinesiotaping in relation to non-specific chronic low back pain (""low back pain"") has been investigated in only a few studies. Overall, the evidence suggests that pain intensity does not decrease with kinesiotapes any more than with a placebo tape; thus, the tapes may not be effective. However, this preliminary finding is not well supported. This is because the best studies currently available do not compare well, most lasted only four weeks, and had few subjects overall.",refutes,Medizin Transparent,https://www.medizin-transparent.at/kinesio-tape-ruecken/
284,Does early detection of lung cancer by trained sniffer dogs provide significant benefits to those affected?,"Claim: Does early detection of lung cancer by trained sniffer dogs provide significant benefits to those affected? | Finding: Experiments indicate that some dogs can detect lung cancer from human breath samples. But we cannot say whether screening with specially trained dogs provides tangible benefits to those affected, such as preventing deaths or enabling gentler treatment.",uncertain,Medizin Transparent,https://www.medizin-transparent.at/lungenkrebs-hunde/
285,Do snoring sprays or gargle solutions help against snoring?,Claim: Do snoring sprays or gargle solutions help against snoring? | Finding: Three smaller studies with methodological flaws come to contradictory conclusions.,uncertain,Medizin Transparent,https://www.medizin-transparent.at/schnarch-spray/
286,Does Maca help with sexual problems such as erectile dysfunction or sexual aversion in men and women?,Claim: Does Maca help with sexual problems such as erectile dysfunction or sexual aversion in men and women? | Finding: Studies to date are too deficient to provide a meaningful answer to this question.,uncertain,Medizin Transparent,https://www.medizin-transparent.at/flaute-im-bett-nutzen-von-maca-unklar/
287,Can glacier milk powder prevent hangover or relieve hangover symptoms?,"Claim: Can glacier milk powder prevent hangover or relieve hangover symptoms? | Finding: To date, there are no studies that have investigated this issue. There is no evidence of efficacy; side effects have also not been studied.",uncertain,Medizin Transparent,https://www.medizin-transparent.at/gletschermilch-pulver/
288,Can ingredients from pomegranate lower elevated blood pressure or reduce the risk of cardiovascular disease?,Claim: Can ingredients from pomegranate lower elevated blood pressure or reduce the risk of cardiovascular disease? | Finding: Previous studies are poor and not conclusive enough to answer this question.,uncertain,Medizin Transparent,https://www.medizin-transparent.at/granatapfel-blutdruck/
289,Does regular consumption of red meat or processed meat products increase the risk of colorectal cancer?,"Claim: Does regular consumption of red meat or processed meat products increase the risk of colorectal cancer? | Finding: People who regularly eat a lot of red meat or processed meat products such as sausage, ham and bacon are likely to have a slightly higher risk of colorectal cancer than people who eat little meat.",supports,Medizin Transparent,https://www.medizin-transparent.at/fleisch/
290,Does stool transplantation help with ulcerative colitis?,"Claim: Does stool transplantation help with ulcerative colitis? | Finding: In ulcerative colitis, stool transplantation could reduce symptoms for at least 8 weeks. Whether the method also helps in the long term has not been sufficiently researched. We have not found any conclusive studies on Crohn's disease.",supports,Medizin Transparent,https://www.medizin-transparent.at/stuhltransplantation-colitis-ulcerosa/
291,Does stool transplantation help in Crohn's disease???,"Claim: Does stool transplantation help in Crohn's disease??? | Finding: In ulcerative colitis, stool transplantation could reduce symptoms for at least 8 weeks. Whether the method also helps in the long term has not been sufficiently researched. We have not found any conclusive studies on Crohn's disease.",uncertain,Medizin Transparent,https://www.medizin-transparent.at/stuhltransplantation-colitis-ulcerosa/
292,"Can remedies from the iambul tree improve blood glucose control in diabetes or precursors of diabetes (""pre-diabetes"")?","Claim: Can remedies from the iambul tree improve blood glucose control in diabetes or precursors of diabetes (""pre-diabetes"")? | Finding: We were able to identify four studies that investigated the benefit of preparations from the iambul tree ( Syzygium cumini ) in people with diabetes. Because the studies are very small, had very few participants, and are partially contradictory, no firm conclusions can be drawn.",uncertain,Medizin Transparent,https://www.medizin-transparent.at/jambul/
293,Does HPV vaccination reduce the risk of cervical cancer in girls?,"Claim: Does HPV vaccination reduce the risk of cervical cancer in girls? | Finding: HPV vaccination reduces the risk of abnormal tissue changes (of grade CIN2 and higher) on the cervix, which can later develop into cancer. Thus, the risk of later developing cervical cancer probably also decreases. However, the vaccination does not provide complete protection because it is not effective against all cancer-causing human papilloma viruses (HPV).",supports,Medizin Transparent,https://www.medizin-transparent.at/hpv-impfung/
294,Is stool transplantation effective against recurrent Clostridium difficile infections ?,"Claim: Is stool transplantation effective against recurrent Clostridium difficile infections ? | Finding: So far, only a few studies have been conducted with humans. These have various shortcomings. Nevertheless, there is evidence that stool transplantation is effective.",supports,Medizin Transparent,https://www.medizin-transparent.at/fremder-kot-gegen-hartnackige-darmerkrankung/
295,Does the juice of the aronia berry help against cystitis?,"Claim: Does the juice of the aronia berry help against cystitis? | Finding: The aronia berry is said to have various positive effects. For example, its juice is said to have a preventive effect against bladder infections. However, we could not find any conclusive studies on this topic.",uncertain,Medizin Transparent,https://www.medizin-transparent.at/aronia-gegen-blasenentzuendung/
296,Is Intermittent Fasting suitable for reducing excess weight as well as a conventional low calorie diet?,"Claim: Is Intermittent Fasting suitable for reducing excess weight as well as a conventional low calorie diet? | Finding: Intermittent fasting (also: intermittent fasting) is probably effective for losing weight. In terms of weight reduction, there are probably no clear differences from a conventional diet in which calories are permanently reduced. Both paths can lead to weight reductions that are significant for health. The current assessment is based mainly on studies over a maximum of 12 months with middle-aged women from affluent countries. Long-term effects and adverse effects of intermittent fasting still need to be better studied.",supports,Medizin Transparent,https://www.medizin-transparent.at/intervallfasten/
297,"Is the risk for the brain inflammation SSPE as a consequence of measles disease greater than long assumed? That is, out of every 100,000 people infected with measles, does more than one person develop SSPE (subacute sclerosing panencephalitis) later in life?","Claim: Is the risk for the brain inflammation SSPE as a consequence of measles disease greater than long assumed? That is, out of every 100,000 people infected with measles, does more than one person develop SSPE (subacute sclerosing panencephalitis) later in life? | Finding: The risk for the fatal brain infection SSPE appears to be significantly higher than the estimate of one SSPE case per 100,000 measles cases in Germany, the United Kingdom, and the United States. To calculate the risk more accurately, more reliable long-term recording of measles infections and SSPE cases would be needed.",supports,Medizin Transparent,https://www.medizin-transparent.at/masern-gravierende-spatfolgen-vermeidbar/
298,Can acupuncture for labor induction trigger the onset of labor?,Claim: Can acupuncture for labor induction trigger the onset of labor? | Finding: The results of previous studies suggest that acupuncture is not effective for induction of labor.,refutes,Medizin Transparent,https://www.medizin-transparent.at/akupunktur-geburtseinleitung/
299,Can switching to a higher fiber diet prevent colorectal cancer?,"Claim: Can switching to a higher fiber diet prevent colorectal cancer? | Finding: According to previous studies, regular intake of wheat bran or psyllium husks over a period of up to four years does not appear to be able to reduce the risk of colorectal precancer and colorectal cancer. This also applies to a comprehensive change to a high-fiber diet.",refutes,Medizin Transparent,https://www.medizin-transparent.at/ballaststoffe-darmkrebs-vollkorn/
300,Can perineal massage during pregnancy help prevent birth injury in first-time mothers?,Claim: Can perineal massage during pregnancy help prevent birth injury in first-time mothers? | Finding: The study evidence to date shows that perineal birth injuries are likely to be somewhat reduced in the group of women having a baby for the first time. This is due in particular to the fact that fewer perineal incisions were performed. The positive effect could not be shown for women who had already had a vaginal delivery.,supports,Medizin Transparent,https://www.medizin-transparent.at/damm-massage/
301,Can cancer be effectively treated with vitamin C infusions?,Claim: Can cancer be effectively treated with vitamin C infusions? | Finding: Studies conducted to date are deficient and inconclusive.,uncertain,Medizin Transparent,https://www.medizin-transparent.at/vitamin-c-infusion/
302,Are detox cures good for health?,"Claim: Are detox cures good for health? | Finding: The term ""detox"" is not clearly defined. Therefore, we did not find any studies that investigated a health effect.",uncertain,Medizin Transparent,https://www.medizin-transparent.at/detox-der-mythos-vom-entgiften/
303,Do sweeteners increase the risk of type 2 diabetes or sugar metabolism disorders?,"Claim: Do sweeteners increase the risk of type 2 diabetes or sugar metabolism disorders? | Finding: The question has been investigated in several large population studies with long observation periods. Nevertheless, no clear conclusion can be drawn: the best estimates cautiously suggest a small effect. However, it could easily be due to other influences. Another problem is that most of the studies only examined sodas and other beverages containing sweeteners. Reliable information on quantity, sweetener type and foods containing sweeteners is lacking.",uncertain,Medizin Transparent,https://www.medizin-transparent.at/suessstoffe-diabetes/
304,Does flu vaccination reduce the likelihood of getting the flu (influenza)?,"Claim: Does flu vaccination reduce the likelihood of getting the flu (influenza)? | Finding: Flu vaccination is likely to protect adults from influenza. In studies on this, 2.3 percent of participants fell ill without vaccination. With vaccination, the figure was 0.9 percent.",supports,Medizin Transparent,https://www.medizin-transparent.at/grippeimpfung-weniger-wirksam-als-angenommen/
305,Can therapy with the radioactive gas radon noticeably alleviate pain in rheumatism-related joint inflammation (rheumatoid arthritis)?,"Claim: Can therapy with the radioactive gas radon noticeably alleviate pain in rheumatism-related joint inflammation (rheumatoid arthritis)? | Finding: In two small studies, a course of radon therapy relieved pain so slightly within six months that the effect was probably not noticeable.",refutes,Medizin Transparent,https://www.medizin-transparent.at/radon-rheuma/
306,Does frankincense help with painful joint wear (osteoarthritis)?,"Claim: Does frankincense help with painful joint wear (osteoarthritis)? | Finding: Taking frankincense capsules may improve joint pain somewhat. However, this still needs to be confirmed by larger, better conducted studies.",supports,Medizin Transparent,https://www.medizin-transparent.at/weihrauch-heilig-und-heilsam/
307,"Does the extract of the plant Salacia reticulata in combination with vitamin D (""Exadipin"") help to lose weight?","Claim: Does the extract of the plant Salacia reticulata in combination with vitamin D (""Exadipin"") help to lose weight? | Finding: There are no conclusive studies that have investigated this effect.",uncertain,Medizin Transparent,https://www.medizin-transparent.at/salacia-reticulata-abnehmen/
308,Does yoga reduce the impairment in everyday life caused by persistent (chronic) back pain?,"Claim: Does yoga reduce the impairment in everyday life caused by persistent (chronic) back pain? | Finding: With yoga, after six months, sufferers are likely to feel somewhat less affected by their back pain and be able to ""function"" better in everyday life. However, it seems that the pain itself is not noticeably weakened by the yoga sessions.",supports,Medizin Transparent,https://www.medizin-transparent.at/ruckenschmerzen-besanftigen-hoffnung-yoga/
309,Does yoga alleviate the severity of persistent back pain???,"Claim: Does yoga alleviate the severity of persistent back pain??? | Finding: With yoga, after six months, sufferers are likely to feel somewhat less affected by their back pain and be able to ""function"" better in everyday life. However, it seems that the pain itself is not noticeably weakened by the yoga sessions.",refutes,Medizin Transparent,https://www.medizin-transparent.at/ruckenschmerzen-besanftigen-hoffnung-yoga/
310,Do laughter yoga or laughter therapy have positive health effects?,"Claim: Do laughter yoga or laughter therapy have positive health effects? | Finding: There are some studies on the subject. But these are unfortunately not conclusive. After evaluating five smaller studies, we can therefore neither speak for nor against the existence of a positive health effect of laughter yoga or laughter therapy.",uncertain,Medizin Transparent,https://www.medizin-transparent.at/lachyoga-nur-ein-schlechter-witz/
311,Can a height-adjustable desk reduce sitting time in the office?,Claim: Can a height-adjustable desk reduce sitting time in the office? | Finding: There is evidence that people with height-adjustable desks could reduce sitting by about 100 minutes per workday in the short term. Whether the effect lasts in the long term has not been studied. We have separately researched the extent to which a reduction in sitting time can contribute to better health.,supports,Medizin Transparent,https://www.medizin-transparent.at/hoehenverstellbarer-schreibtisch/
312,Does a diet that includes as many organic foods as possible lower the risk of cancer?,"Claim: Does a diet that includes as many organic foods as possible lower the risk of cancer? | Finding: To date, only two studies have been published that have explored a possible link between the consumption of organic products and cancer risk. Both publications have methodological flaws. Moreover, they contradict each other: One suggests that people with higher organic consumption are less likely to develop cancer, while the second study found no differences between organic and conventional diets.",uncertain,Medizin Transparent,https://www.medizin-transparent.at/ist-bio-gesunder/
313,Does cinnamon lower blood sugar levels in diabetes?,Claim: Does cinnamon lower blood sugar levels in diabetes? | Finding: The pooled results of studies to date indicate that cinnamon is unlikely to affect blood glucose levels in diabetic patients.,refutes,Medizin Transparent,https://www.medizin-transparent.at/zimt-wirkung-diabetes/
314,Does sitting for long periods shorten the lifespan?,"Claim: Does sitting for long periods shorten the lifespan? | Finding: According to the summarized results of previous studies, people live shorter if they sit for nine hours or per day. However, it is not well established that sitting for long periods is really to blame for premature deaths.",supports,Medizin Transparent,https://www.medizin-transparent.at/sitzen-wir-uns-zu-tode/
315,Does mammography screening reduce the risk of dying from breast cancer in certain age groups?,"Claim: Does mammography screening reduce the risk of dying from breast cancer in certain age groups? | Finding: According to a large systematic review, participation in mammography screening in women between 50 and 69 is likely to prevent a few deaths from breast cancer. Whether mammography screening reduces breast cancer mortality in women younger than 50 years has not been proven with certainty.",supports,Medizin Transparent,https://www.medizin-transparent.at/brustkrebs-frueherkennung/
316,"Should wisdom teeth that have not or not completely grown out of the jaw and gums be removed as a precaution? Even if the ""impacted"" teeth are not causing any symptoms at the moment and no pathological changes are to be expected immediately?","Claim: Should wisdom teeth that have not or not completely grown out of the jaw and gums be removed as a precaution? Even if the ""impacted"" teeth are not causing any symptoms at the moment and no pathological changes are to be expected immediately? | Finding: According to current knowledge, there is no answer as to whether the precautionary removal of impacted wisdom teeth helps to prevent problems later in life. It is therefore unclear how to deal with these last molars if they do not protrude or only partially protrude from the jaw and gums, are free of signs of disease and do not damage neighboring teeth.",uncertain,Medizin Transparent,https://www.medizin-transparent.at/weisheitszahn-op/
317,"Do turmeric preparations alleviate the symptoms of knee osteoarthritis (""joint wear"") better than a placebo?","Claim: Do turmeric preparations alleviate the symptoms of knee osteoarthritis (""joint wear"") better than a placebo? | Finding: Effects of turmeric on pain and mobility have been investigated in several small studies. However, these had few test subjects, poor methodological quality and varied results. Therefore, no reliable statements can be made.,We cannot make any reliable assessment of the efficacy of turmeric against pain and for improving mobility. This is because the question was only investigated in two very small studies, the methodological quality of which leaves much to be desired.",uncertain,Medizin Transparent,https://www.medizin-transparent.at/kurkuma-gelenke/
318,"Do turmeric preparations relieve the symptoms of rheumatoid arthritis (""rheumatism"") better than a placebo or painkiller???","Claim: Do turmeric preparations relieve the symptoms of rheumatoid arthritis (""rheumatism"") better than a placebo or painkiller??? | Finding: Effects of turmeric on pain and mobility have been investigated in several small studies. However, these had few test subjects, poor methodological quality and varied results. Therefore, no reliable statements can be made.,We cannot make any reliable assessment of the efficacy of turmeric against pain and for improving mobility. This is because the question was only investigated in two very small studies, the methodological quality of which leaves much to be desired.",uncertain,Medizin Transparent,https://www.medizin-transparent.at/kurkuma-gelenke/
319,Does the intake of omega-3 fatty acids improve the clinical picture in multiple sclerosis (MS) or does this inhibit progression of the disease?,"Claim: Does the intake of omega-3 fatty acids improve the clinical picture in multiple sclerosis (MS) or does this inhibit progression of the disease? | Finding: Studies with a total of over 1000 participants found predominantly no benefit from omega-3 fatty acids. However, the studies investigated very different preparations and in some cases showed methodological deficiencies.,For the intake of vitamin A or certain diets, we found only one (relatively) small study with serious methodological deficiencies in each case. They reported either no benefit or effects of questionable significance for the people concerned.",refutes,Medizin Transparent,https://www.medizin-transparent.at/multiple-sklerose-ernaehrung/
320,Does taking vitamin A or following certain diets improve or halt the progression of multiple sclerosis (MS)?,"Claim: Does taking vitamin A or following certain diets improve or halt the progression of multiple sclerosis (MS)? | Finding: Studies with a total of over 1000 participants found predominantly no benefit from omega-3 fatty acids. However, the studies investigated very different preparations and in some cases showed methodological deficiencies.,For the intake of vitamin A or certain diets, we found only one (relatively) small study with serious methodological deficiencies in each case. They reported either no benefit or effects of questionable significance for the people concerned.",uncertain,Medizin Transparent,https://www.medizin-transparent.at/multiple-sklerose-ernaehrung/
321,Can Botox injections prevent migraine attacks?,"Claim: Can Botox injections prevent migraine attacks? | Finding: According to studies to date, Botox seems to reduce the number of migraine days by two days per month. However, this only applies to severely affected patients who suffer from headaches for more than two weeks a month.",supports,Medizin Transparent,https://www.medizin-transparent.at/botox-gegen-migrane-nur-geringfugig-hilfreich/
322,Does taking probiotics facilitate weight loss to any significant degree?,"Claim: Does taking probiotics facilitate weight loss to any significant degree? | Finding: The question has been investigated in a large number of studies. In summary, there is at most a small benefit over a maximum period of half a year, but this is probably not significant. Longer-term effects have not been investigated. Due to methodological shortcomings of most studies, no firm conclusions can be drawn.",refutes,Medizin Transparent,https://www.medizin-transparent.at/probiotika-abnehmen/
323,Does the full moon have a negative effect on sleep duration?,"Claim: Does the full moon have a negative effect on sleep duration? | Finding: Some studies can be found that have investigated the influence of the moon on sleep. However, they are not very conclusive. In sum, they do not indicate that people sleep shorter on nights around the full moon than around the new moon.",refutes,Medizin Transparent,https://www.medizin-transparent.at/vollmond-und-schlaf/
324,Can lemon juice prevent or effectively treat gastrointestinal illness caused by norovirus?,"Claim: Can lemon juice prevent or effectively treat gastrointestinal illness caused by norovirus? | Finding: There are no studies that have investigated the effect of lemon juice on gastrointestinal infections caused by norovirus. It is therefore unclear whether lemon juice is suitable for disinfection, prevention or treatment.",uncertain,Medizin Transparent,https://www.medizin-transparent.at/zitronensaft-norovirus/
325,"For knee osteoarthritis, does rubbing DMSO into the knee bring less pain and more mobility than rubbing a placebo?","Claim: For knee osteoarthritis, does rubbing DMSO into the knee bring less pain and more mobility than rubbing a placebo? | Finding: Reliable studies have found no difference between DMSO and a placebo. However, there are still some uncertainties.",refutes,Medizin Transparent,https://www.medizin-transparent.at/dmso-arthrose-knie/
326,"In case of osteoarthritis of the knee, does rubbing DMSO bring less pain and more mobility than the recognized painkiller diclofenac???","Claim: In case of osteoarthritis of the knee, does rubbing DMSO bring less pain and more mobility than the recognized painkiller diclofenac??? | Finding: Reliable studies have found no difference between DMSO and a placebo. However, there are still some uncertainties.",uncertain,Medizin Transparent,https://www.medizin-transparent.at/dmso-arthrose-knie/
327,Does taking vitamin D improve symptoms in the most common form of psoriasis?,"Claim: Does taking vitamin D improve symptoms in the most common form of psoriasis? | Finding: Three smaller studies have found no benefit of vitamin D in psoriasis beyond that seen with placebo,The question has been investigated in many small studies, some with serious methodological flaws. The majority of studies have failed to find a benefit of omega-3 fatty acids from fish oil in psoriasis compared to placebo.",refutes,Medizin Transparent,https://www.medizin-transparent.at/omega-3-schuppenflechte-vitamin-d/
328,Does taking fish oil with omega-3 fatty acids improve the symptoms of various forms of psoriasis more than a placebo???,"Claim: Does taking fish oil with omega-3 fatty acids improve the symptoms of various forms of psoriasis more than a placebo??? | Finding: Three smaller studies have found no benefit of vitamin D in psoriasis beyond that seen with placebo,The question has been investigated in many small studies, some with serious methodological flaws. The majority of studies have failed to find a benefit of omega-3 fatty acids from fish oil in psoriasis compared to placebo.",refutes,Medizin Transparent,https://www.medizin-transparent.at/omega-3-schuppenflechte-vitamin-d/
329,Does following a Mediterranean diet decrease the likelihood of cardiovascular disease in people at high risk?,"Claim: Does following a Mediterranean diet decrease the likelihood of cardiovascular disease in people at high risk? | Finding: People who follow this traditional diet from the Mediterranean region are probably less likely to suffer a heart attack or stroke. However, the Mediterranean diet does not seem to prolong life.,According to a study with a small number of people, a Mediterranean diet could reduce the risk of fatal cardiovascular disease. However, further studies must first confirm this.",supports,Medizin Transparent,https://www.medizin-transparent.at/mediterrane-kost-fur-ein-gesundes-herz/
330,Does the probability of dying from cardiovascular disease decrease in people who have already had a heart attack?,"Claim: Does the probability of dying from cardiovascular disease decrease in people who have already had a heart attack? | Finding: People who follow this traditional diet from the Mediterranean region are probably less likely to suffer a heart attack or stroke. However, the Mediterranean diet does not seem to prolong life.,According to a study with a small number of people, a Mediterranean diet could reduce the risk of fatal cardiovascular disease. However, further studies must first confirm this.",supports,Medizin Transparent,https://www.medizin-transparent.at/mediterrane-kost-fur-ein-gesundes-herz/
331,Does Grander water have health benefits compared to untreated drinking water?,Claim: Does Grander water have health benefits compared to untreated drinking water? | Finding: The alleged active principle of Grander Water is not scientifically plausible. There are also no clinical studies on the health effect to be found. Other studies usually find no difference between Grander water and untreated water.,uncertain,Medizin Transparent,https://www.medizin-transparent.at/was-kann-granderwasser/
332,"Does astaxanthin protect against cardiovascular disease, cancer or prolong life?","Claim: Does astaxanthin protect against cardiovascular disease, cancer or prolong life? | Finding: There is a lack of meaningful studies on astaxanthin. There are only studies that have recorded certain blood values or other surrogate variables for cardiovascular diseases, which on top of that could not find any benefit for the pink dye.",uncertain,Medizin Transparent,https://www.medizin-transparent.at/astaxanthin/
333,Do products from the noni fruit promote health?,"Claim: Do products from the noni fruit promote health? | Finding: To date, there are no scientifically well-conducted studies that can prove a health benefit of noni.",uncertain,Medizin Transparent,https://www.medizin-transparent.at/noni-saft/
334,Can spending time at waterfalls on a regular basis provide lasting improvement in asthma symptoms?,"Claim: Can spending time at waterfalls on a regular basis provide lasting improvement in asthma symptoms? | Finding: So far, only one study has examined this question. However, it cannot provide an answer; the deficiencies in implementation are too great.",uncertain,Medizin Transparent,https://www.medizin-transparent.at/asthma-wasserfall-und-hohenluft/
335,Does goji help with serious diseases like cancer or prevent heart attacks?,"Claim: Does goji help with serious diseases like cancer or prevent heart attacks? | Finding: There are some smaller studies with different goji preparations on various health issues such as cancer, diabetes, strengthening of the immune system or age-related macular degeneration. However, no reliable statements about noticeable effects of the goji berry can be derived from them.",uncertain,Medizin Transparent,https://www.medizin-transparent.at/goji-beere/
336,Are amla supplements effective and safe in lowering high cholesterol?,"Claim: Are amla supplements effective and safe in lowering high cholesterol? | Finding: There are some studies with human test subjects. But the list of flaws is long, and the results of the studies are therefore not trustworthy. Thus, dietary supplements with Amla are not an alternative for proven effective therapies.",uncertain,Medizin Transparent,https://www.medizin-transparent.at/amla-cholesterin/
337,"Does inhaling hive air have health benefits for asthma, allergies or other conditions?","Claim: Does inhaling hive air have health benefits for asthma, allergies or other conditions? | Finding: There is no scientific research that speaks for or against such a health effect.",uncertain,Medizin Transparent,https://www.medizin-transparent.at/bienenluft-therapie-als-asthma-hoffnung/
338,Can chlorinated water from baby swimming cause asthma or allergies later in childhood?,Claim: Can chlorinated water from baby swimming cause asthma or allergies later in childhood? | Finding: Studies conducted to date are too inconclusive and contradictory to make concrete scientific statements.,uncertain,Medizin Transparent,https://www.medizin-transparent.at/babyschwimmen-chlor/
339,Is a lot of sunlight in childhood and adolescence a cause of age-related macular degeneration?,"Claim: Is a lot of sunlight in childhood and adolescence a cause of age-related macular degeneration? | Finding: Whether sunlight is (a) cause for age-related macular degeneration cannot be answered seriously at present. The quality of the existing studies is too poor. Regarding the question whether sunglasses in childhood reduce the risk for macular degeneration in old age, corresponding studies are missing.",uncertain,Medizin Transparent,https://www.medizin-transparent.at/makuladegeneration-ursache/
340,Does wearing sunglasses in childhood and adolescence protect against macular degeneration in old age???,"Claim: Does wearing sunglasses in childhood and adolescence protect against macular degeneration in old age??? | Finding: Whether sunlight is (a) cause for age-related macular degeneration cannot be answered seriously at present. The quality of the existing studies is too poor. Regarding the question whether sunglasses in childhood reduce the risk for macular degeneration in old age, corresponding studies are missing.",uncertain,Medizin Transparent,https://www.medizin-transparent.at/makuladegeneration-ursache/
341,Does water from jugs with semi-precious stones have a positive health effect?,Claim: Does water from jugs with semi-precious stones have a positive health effect? | Finding: No studies are available on this. An effect is not plausible.,uncertain,Medizin Transparent,https://www.medizin-transparent.at/kein-heil-durch-edelsteine/
342,Is calcium from Japanese coral safe and effective in preventing disease?,Claim: Is calcium from Japanese coral safe and effective in preventing disease? | Finding: There are no well-done studies with human subjects that have investigated the efficacy and safety of dietary supplements containing coral calcium.,uncertain,Medizin Transparent,https://www.medizin-transparent.at/korallen-kalzium/
343,Does the observance of feng shui design rules help against bad sleep?,Claim: Does the observance of feng shui design rules help against bad sleep? | Finding: Sleep hygiene recommends designing bedrooms so that their occupants feel comfortable. We were not able to find out whether designing the bedroom according to the rules of Feng Shui or leaving out mirrors opposite the bed plays a role in this. Corresponding studies are lacking.,uncertain,Medizin Transparent,https://www.medizin-transparent.at/feng-shui-schlaflos-durch-spiegel/
344,Does taking vitamin C prevent motion sickness?,Claim: Does taking vitamin C prevent motion sickness? | Finding: We found only one small study with methodological flaws on this question. The study investigated a very specific question and shows contradictory results.,uncertain,Medizin Transparent,https://www.medizin-transparent.at/reisekrankheit-vitamin-c/
345,Do Lifewave patches improve health or athletic and mental performance?,"Claim: Do Lifewave patches improve health or athletic and mental performance? | Finding: There are no trustworthy, comprehensibly conducted studies that suggest or even prove such an effect. The fact that the patches help is not plausible anyway.",uncertain,Medizin Transparent,https://www.medizin-transparent.at/die-perfekte-welle/
346,Are there differences in hair removal effectiveness between IPL and diode laser?,"Claim: Are there differences in hair removal effectiveness between IPL and diode laser? | Finding: There may be no difference between hair reduction with diode laser and IPL. We have only been able to evaluate three studies on the subject with a few female test subjects; the studies had various methodological deficiencies. Therefore, our judgment could be revised in the future by better done studies. Reliable data on the long-term effect of epilation with diode laser and light are lacking. The generalization of the preliminary results is also problematic, for example because the studies we used only investigated hair removal on the face and in the armpits.",refutes,Medizin Transparent,https://www.medizin-transparent.at/laser-haarentfernung-ipl/
347,Does carbonic acid cause cancer?,"Claim: Does carbonic acid cause cancer? | Finding: Currently existing studies are too inconclusive to allow reliable conclusions to be drawn about the effect of carbonic acid on the digestive tract. However, there are indications that carbonic acid is unlikely to cause cancer. However, the underlying studies have only limited significance.",refutes,Medizin Transparent,https://www.medizin-transparent.at/kohlensaeure/
348,Does carbonic acid have any health effects on the digestive tract???,"Claim: Does carbonic acid have any health effects on the digestive tract??? | Finding: Currently existing studies are too inconclusive to allow reliable conclusions to be drawn about the effect of carbonic acid on the digestive tract. However, there are indications that carbonic acid is unlikely to cause cancer. However, the underlying studies have only limited significance.",uncertain,Medizin Transparent,https://www.medizin-transparent.at/kohlensaeure/
349,Does wearing compression stockings on a long-haul flight prevent thrombosis (blood clots) and the associated symptoms?,"Claim: Does wearing compression stockings on a long-haul flight prevent thrombosis (blood clots) and the associated symptoms? | Finding: In previous studies, compression stockings have significantly reduced the likelihood of symptomless thrombosis. This probably also reduces the risk of rarely occurring problematic thromboses that lead to serious symptoms.",supports,Medizin Transparent,https://www.medizin-transparent.at/thrombose-risiko-bei-langstreckenflugen-was-stimmt/
350,Can extracorporeal shock wave therapy relieve heel pain if the cause is tendonitis or a heel spur?,"Claim: Can extracorporeal shock wave therapy relieve heel pain if the cause is tendonitis or a heel spur? | Finding: Shock wave therapy is likely to help relieve chronic heel pain - if it is caused by inflammation of the plantar tendon plate (plantar fasciitis) or by a heel spur. In many cases, the complaints also improve on their own.",supports,Medizin Transparent,https://www.medizin-transparent.at/stosswellentherapie-ferse/
351,Does an extract from the African black bean (active ingredient 5-hydroxytryptophan) help against lovesickness?,Claim: Does an extract from the African black bean (active ingredient 5-hydroxytryptophan) help against lovesickness? | Finding: Such an effect has not yet been scientifically confirmed.,uncertain,Medizin Transparent,https://www.medizin-transparent.at/amorex/
352,Does a mixture of hops and other natural remedies help with sleep problems?,"Claim: Does a mixture of hops and other natural remedies help with sleep problems? | Finding: As a single active ingredient, hops have not been well researched. Significant clinical studies exist only on mixed preparations containing the following agents in addition to hops: Valerian, unsaturated vegetable fats or processed milk protein in combination with an extract of Chinese date. Results of previous studies indicate that these mixtures cannot improve sleep.",refutes,Medizin Transparent,https://www.medizin-transparent.at/verbessert-hopfen-den-schlaf/
353,Do hops as a single active ingredient help with sleep problems???,"Claim: Do hops as a single active ingredient help with sleep problems??? | Finding: As a single active ingredient, hops have not been well researched. Significant clinical studies exist only on mixed preparations containing the following agents in addition to hops: Valerian, unsaturated vegetable fats or processed milk protein in combination with an extract of Chinese date. Results of previous studies indicate that these mixtures cannot improve sleep.",uncertain,Medizin Transparent,https://www.medizin-transparent.at/verbessert-hopfen-den-schlaf/
354,Does taking a mushroom called reishi benefit cancer?,"Claim: Does taking a mushroom called reishi benefit cancer? | Finding: The question of the effect of Reishi against cancer was explored in some studies. However, these were small and sometimes had serious methodological flaws. In addition, because a variety of cancers, treatments, and Reishi preparations have been studied, comparisons are difficult. Thus, the question of the anti-cancer effect of the mushroom cannot be answered reliably.",uncertain,Medizin Transparent,https://www.medizin-transparent.at/reishi-pilz-krebs/
355,Can labor pain during childbirth be relieved by aromatherapy with lavender oil?,"Claim: Can labor pain during childbirth be relieved by aromatherapy with lavender oil? | Finding: Previous studies are poorly done, so their results have limited confidence. They suggest that aromatherapy with lavender oil might slightly relieve labor pain. Whether aromatherapy also shortens the duration of labor is not clear.",supports,Medizin Transparent,https://www.medizin-transparent.at/aromatherapie-geburt/
356,Can the duration of childbirth be reduced by aromatherapy with lavender oil?,"Claim: Can the duration of childbirth be reduced by aromatherapy with lavender oil? | Finding: Previous studies are poorly done, so their results have limited confidence. They suggest that aromatherapy with lavender oil might slightly relieve labor pain. Whether aromatherapy also shortens the duration of labor is not clear.",uncertain,Medizin Transparent,https://www.medizin-transparent.at/aromatherapie-geburt/
357,Does a patch with high-dose capsaicin relieve pain after shingles?,"Claim: Does a patch with high-dose capsaicin relieve pain after shingles? | Finding: In some individuals who have survived shingles, a patch containing the high-dose active ingredient capsaicin (8%) is likely to relieve nerve pain (neuropathic pain) for about 12 weeks.,The studies available on this question are of poor quality and do not allow conclusions to be drawn. Thus, it is unclear whether high-dose capsaicin (8%) in patch form can relieve nerve pain in people with diabetes or HIV.",supports,Medizin Transparent,https://www.medizin-transparent.at/chili-gegen-schmerzen-wirkt-aber-nicht-immer/
358,Does a patch with high-dose capsaicin relieve pain in diabetes mellitus or infection with HIV?,"Claim: Does a patch with high-dose capsaicin relieve pain in diabetes mellitus or infection with HIV? | Finding: In some individuals who have survived shingles, a patch containing the high-dose active ingredient capsaicin (8%) is likely to relieve nerve pain (neuropathic pain) for about 12 weeks.,The studies available on this question are of poor quality and do not allow conclusions to be drawn. Thus, it is unclear whether high-dose capsaicin (8%) in patch form can relieve nerve pain in people with diabetes or HIV.",uncertain,Medizin Transparent,https://www.medizin-transparent.at/chili-gegen-schmerzen-wirkt-aber-nicht-immer/
359,Does industrially highly processed food increase the risk of cancer?,"Claim: Does industrially highly processed food increase the risk of cancer? | Finding: The first indications of a possible link between the consumption of industrially produced, highly processed products and cancer have emerged in a large French observational study. So it could be that people who eat and drink more highly processed products (e.g., convenience foods) are somewhat more likely to develop cancer. More long-term research on this important topic is definitely needed. Current knowledge is by no means well established, and reliable evidence of a cause-and-effect relationship between highly processed food and cancer is lacking. The possible underlying mechanism is unknown.",supports,Medizin Transparent,https://www.medizin-transparent.at/fertiggerichte-krebs/
360,Does propolis have a healing or soothing effect on inflammation in the mouth (in otherwise healthy people)?,"Claim: Does propolis have a healing or soothing effect on inflammation in the mouth (in otherwise healthy people)? | Finding: Previous studies on aphthae, candidiasis and inflammation of the mouth in otherwise healthy people are poorly conducted. An assessment of the effect of propolis is not possible on this basis.",uncertain,Medizin Transparent,https://www.medizin-transparent.at/propolis-wirkung/
361,Do amalgam fillings affect the mental development of school children compared to plastic dental fillings?,"Claim: Do amalgam fillings affect the mental development of school children compared to plastic dental fillings? | Finding: Children who receive at least one amalgam filling between the ages of six and ten have slightly more mercury in their bodies than their peers with plastic fillings. However, these levels are almost certainly too low to impair mental abilities such as intelligence, concentration and memory over a five-year period. This is what previous studies have shown. Little research has been done on the possible effects of amalgam fillings on children under the age of six and, in the case of pregnant women, on their unborn offspring. Whether there are other health effects has hardly been researched so far.",refutes,Medizin Transparent,https://www.medizin-transparent.at/gefaehrliche-zahnfuellungen-aus-amalgam/
362,Does curcumin protect healthy people from mental impairment or even from developing dementia?,"Claim: Does curcumin protect healthy people from mental impairment or even from developing dementia? | Finding: Three studies with relatively few test subjects and partly serious methodological deficiencies show contradictory results with questionable significance.,Two studies were unable to find any effect of a six-month treatment with curcumin. However, the studies were relatively small and had methodological problems.",uncertain,Medizin Transparent,https://www.medizin-transparent.at/kurkuma-gegen-demenz/
363,Does curcumin protect people with already diagnosed dementia from further decline in mental abilities???,"Claim: Does curcumin protect people with already diagnosed dementia from further decline in mental abilities??? | Finding: Three studies with relatively few test subjects and partly serious methodological deficiencies show contradictory results with questionable significance.,Two studies were unable to find any effect of a six-month treatment with curcumin. However, the studies were relatively small and had methodological problems.",refutes,Medizin Transparent,https://www.medizin-transparent.at/kurkuma-gegen-demenz/
364,Do preparations with humic acids help with diseases or complaints of the stomach and intestines?,Claim: Do preparations with humic acids help with diseases or complaints of the stomach and intestines? | Finding: We could not identify any meaningful studies on this question,uncertain,Medizin Transparent,https://www.medizin-transparent.at/huminsaeuren-darm/
365,Does an extract from grapefruit seeds work against fungal diseases such as athlete's foot or nail fungus?,Claim: Does an extract from grapefruit seeds work against fungal diseases such as athlete's foot or nail fungus? | Finding: The efficacy of extracts from the seeds of grapefruit against fungi has been researched only in laboratory trials. The results were contradictory. The remedy was not tested at all on people with athlete's foot or nail fungus.,uncertain,Medizin Transparent,https://www.medizin-transparent.at/grapefruit-gegen-fusspilz/
366,Does taking rosehip powder for rheumatoid arthritis improve symptoms?,"Claim: Does taking rosehip powder for rheumatoid arthritis improve symptoms? | Finding: The question has only been investigated in one small study with methodological deficiencies. In this study, a calculated advantage was found for those people who were treated with rose hip powder. Compared to placebo, however, the advantage was so small that it is unlikely to bring about any noticeable improvement in everyday life.,A total of three smaller studies with methodological flaws have investigated the question, but have come to contradictory results.",refutes,Medizin Transparent,https://www.medizin-transparent.at/hagebuttenpulver-gelenke/
367,Does taking rosehip powder for osteoarthritis alleviate the symptoms???,"Claim: Does taking rosehip powder for osteoarthritis alleviate the symptoms??? | Finding: The question has only been investigated in one small study with methodological deficiencies. In this study, a calculated advantage was found for those people who were treated with rose hip powder. Compared to placebo, however, the advantage was so small that it is unlikely to bring about any noticeable improvement in everyday life.,A total of three smaller studies with methodological flaws have investigated the question, but have come to contradictory results.",uncertain,Medizin Transparent,https://www.medizin-transparent.at/hagebuttenpulver-gelenke/
368,Can the genetic blood test for Down syndrome (trisomy 21) predict whether the unborn child is affected - in pregnant women at increased risk?,"Claim: Can the genetic blood test for Down syndrome (trisomy 21) predict whether the unborn child is affected - in pregnant women at increased risk? | Finding: In pregnant women with an abnormal preliminary result, the genetic blood test can probably predict with great accuracy whether the unborn child has Down syndrome (trisomy 21) or not. However, the test result is not always correct: in rare cases, the test ""misses"" Down syndrome, i.e. it is ""falsely inconspicuous"". It can also happen that the blood test predicts Down syndrome even though the fetus is not affected (""false-conspicuous"").",supports,Medizin Transparent,https://www.medizin-transparent.at/bluttest-down-syndrom/
369,"Do preparations with rose root have an effect against stress and its consequences, e.g. exhaustion?","Claim: Do preparations with rose root have an effect against stress and its consequences, e.g. exhaustion? | Finding: The effect of rose root has been investigated in several small studies. However, these studies were mostly of very poor quality, and they came to inconsistent results. Therefore, based on our current knowledge, we cannot make a definite statement. We do not know whether rose root is good as an anti-stress remedy - or ineffective.",uncertain,Medizin Transparent,https://www.medizin-transparent.at/rosenwurz-wirkung/
370,Is microwave therapy effective and safe for long-term reduction of excessive sweating (primary hyperhidrosis) in adults?,"Claim: Is microwave therapy effective and safe for long-term reduction of excessive sweating (primary hyperhidrosis) in adults? | Finding: Treatment with microwaves has only recently been performed on patients with excessive sweating in the axillary region. Unfortunately, the current study situation does not provide conclusive information on the long-term efficacy and safety of this form of treatment.",uncertain,Medizin Transparent,https://www.medizin-transparent.at/mikrowellen-gegen-schwitzen/
371,Does ointment with comfrey help against back pain and knee pain better than a placebo?,"Claim: Does ointment with comfrey help against back pain and knee pain better than a placebo? | Finding: The effect of ointments with comfrey against pain in the back and knee has only been investigated in quite small studies with methodological problems. It is possible that comfrey is more effective than placebo; in the case of pain in the knee joint, the effect could even be clearly noticeable for those affected. Future studies should shed much more light on these possible effects.,In three small studies, the effect of comfrey on sore muscles or sprained ankle was compared with that of placebo and painkillers. However, the seemingly positive results are not reliable, and better studies are needed.",supports,Medizin Transparent,https://www.medizin-transparent.at/beinwell-gegen-schmerzen/
372,Does ointment with comfrey help with ankle sprains and sore muscles???,"Claim: Does ointment with comfrey help with ankle sprains and sore muscles??? | Finding: The effect of ointments with comfrey against pain in the back and knee has only been investigated in quite small studies with methodological problems. It is possible that comfrey is more effective than placebo; in the case of pain in the knee joint, the effect could even be clearly noticeable for those affected. Future studies should shed much more light on these possible effects.,In three small studies, the effect of comfrey on sore muscles or sprained ankle was compared with that of placebo and painkillers. However, the seemingly positive results are not reliable, and better studies are needed.",uncertain,Medizin Transparent,https://www.medizin-transparent.at/beinwell-gegen-schmerzen/
373,Can chlorhexidine in the form of dental varnish prevent the formation of caries in adults?,"Claim: Can chlorhexidine in the form of dental varnish prevent the formation of caries in adults? | Finding: A large well-done study with chlorhexidine dental varnish was unable to find an effect. The summary of several smaller studies with chlorhexidine varnish suggests that chlorhexidine dental varnishes may have a statistical effect, but no noticeable anti-caries effect for users. We did not find well-done studies on the benefits of chlorhexidine tooth gel and chlorhexidine mouth rinses for caries prevention. For children, no firm conclusions can be made about the benefit of chlorhexidine products for caries prevention.",refutes,Medizin Transparent,https://www.medizin-transparent.at/chlorhexidin-karies/
374,"Can chlorhexidine in the form of mouth rinses and gels for home use in children and adults, and as a dental varnish in children, prevent the formation of caries?","Claim: Can chlorhexidine in the form of mouth rinses and gels for home use in children and adults, and as a dental varnish in children, prevent the formation of caries? | Finding: A large well-done study with chlorhexidine dental varnish was unable to find an effect. The summary of several smaller studies with chlorhexidine varnish suggests that chlorhexidine dental varnishes may have a statistical effect, but no noticeable anti-caries effect for users. We did not find well-done studies on the benefits of chlorhexidine tooth gel and chlorhexidine mouth rinses for caries prevention. For children, no firm conclusions can be made about the benefit of chlorhexidine products for caries prevention.",uncertain,Medizin Transparent,https://www.medizin-transparent.at/chlorhexidin-karies/
375,Does a legal smoking ban reduce the likelihood of cardiovascular disease in nonsmokers?,Claim: Does a legal smoking ban reduce the likelihood of cardiovascular disease in nonsmokers? | Finding: A legal smoking ban is likely to reduce the number of cardiovascular diseases and emergencies in the population as a whole. Mortality is also likely to decrease.,supports,Medizin Transparent,https://www.medizin-transparent.at/rauchverbote-nachweislich-sinnvoll/
376,Do pregnant women who take vitamin D have a lower risk of preterm birth?,"Claim: Do pregnant women who take vitamin D have a lower risk of preterm birth? | Finding: Some studies with few participants suggest that taking vitamin D during pregnancy may reduce the risk of preterm birth. However, it seems to be just the opposite when pregnant women swallow vitamin D together with calcium. At least in one study, the risk of preterm birth increased in this case. The cause was not clear. Overall, many questions remain open; the study situation is not satisfactory enough to recommend vitamin D intake in principle for all pregnant women on this basis.",supports,Medizin Transparent,https://www.medizin-transparent.at/vitamin-d-in-der-schwangerschaft/
377,Do pregnant women who take vitamin D in combination with calcium have a lower risk of preterm birth?,"Claim: Do pregnant women who take vitamin D in combination with calcium have a lower risk of preterm birth? | Finding: Some studies with few participants suggest that taking vitamin D during pregnancy may reduce the risk of preterm birth. However, it seems to be just the opposite when pregnant women swallow vitamin D together with calcium. At least in one study, the risk of preterm birth increased in this case. The cause was not clear. Overall, many questions remain open; the study situation is not satisfactory enough to recommend vitamin D intake in principle for all pregnant women on this basis.",refutes,Medizin Transparent,https://www.medizin-transparent.at/vitamin-d-in-der-schwangerschaft/
378,Does aromatherapy have a calming effect on agitation and aggression typical of dementia?,"Claim: Does aromatherapy have a calming effect on agitation and aggression typical of dementia? | Finding: Based on the state of studies, it is largely unclear whether aromatherapy can help patients with dementia. There are quite a few studies on the subject, but many of them have gross flaws and are therefore not comparable. For example, studies with lemon balm aromatherapy have contradictory results. With lavender aromatherapy, on the other hand, a certain tendency has emerged: it does not seem to help against agitation and aggression - both typical accompanying symptoms of dementia.",uncertain,Medizin Transparent,https://www.medizin-transparent.at/aromatherapie-demenz/
379,Does aromatherapy have other positive effects for dementia patients???,"Claim: Does aromatherapy have other positive effects for dementia patients??? | Finding: Based on the state of studies, it is largely unclear whether aromatherapy can help patients with dementia. There are quite a few studies on the subject, but many of them have gross flaws and are therefore not comparable. For example, studies with lemon balm aromatherapy have contradictory results. With lavender aromatherapy, on the other hand, a certain tendency has emerged: it does not seem to help against agitation and aggression - both typical accompanying symptoms of dementia.",uncertain,Medizin Transparent,https://www.medizin-transparent.at/aromatherapie-demenz/
380,Does tomato extract reduce the risk of cardiovascular disease?,"Claim: Does tomato extract reduce the risk of cardiovascular disease? | Finding: So far, there are only small and short studies with quite a few shortcomings. The influence of various tomato extracts on blood pressure was tested. It was not tested whether the tomato extracts reduce the risk of heart attack or stroke.",uncertain,Medizin Transparent,https://www.medizin-transparent.at/tomatenextrakt/
381,Does quitting smoking prolong life?,"Claim: Does quitting smoking prolong life? | Finding: Quitting smoking is likely to reduce the risk of premature death. This is probably also true for older people over 60, and the earlier smoking is stopped, the better it is. Because then the life expectancy of ex-smokers probably approaches that of non-smokers.",supports,Medizin Transparent,https://www.medizin-transparent.at/rauchen-aufhoren-verlangert-leben/
382,Does eating eggs increase the risk of cardiovascular disease?,"Claim: Does eating eggs increase the risk of cardiovascular disease? | Finding: In healthy adults, the risk of cardiovascular disease is not likely to increase if they consume up to five chicken eggs per week as part of a balanced diet. However, for some groups of people (e.g. diabetics), restrictions could be useful.",refutes,Medizin Transparent,https://www.medizin-transparent.at/cholesterin-eier/
383,"Does oseltamivir (brand name ""Tamiflu"") reduce the severity and duration of influenza in otherwise healthy adults?","Claim: Does oseltamivir (brand name ""Tamiflu"") reduce the severity and duration of influenza in otherwise healthy adults? | Finding: Oseltamivir could reduce the duration of influenza (""real flu"") by about half a day in otherwise healthy adults. It has not been proven that complications can be prevented by Tamiflu. Whether influenza patients are less contagious due to Tamiflu is unclear.",supports,Medizin Transparent,https://www.medizin-transparent.at/belege-fuer-wirksamkeit-von-grippemittel-tamiflu-fragwuerdig/
384,"Is active surveillance (""active surveillance"") of patients with low-risk prostate cancer associated with increased prostate cancer mortality risk in the long term?","Claim: Is active surveillance (""active surveillance"") of patients with low-risk prostate cancer associated with increased prostate cancer mortality risk in the long term? | Finding: Relatively good evidence shows that men with low-risk prostate cancer who are regularly monitored under active surveillance and receive treatment only when necessary are less likely to suffer from incontinence and impotence than patients who have undergone surgery or radiation. However, those on active surveillance may develop tumors more often and may be more likely to develop metastases. Whether men on active surveillance may be more likely to die from prostate cancer than immediately treated prostate cancer patients is insufficiently studied. However, study results suggest that there is no serious difference in life expectancy between the two strategies.",uncertain,Medizin Transparent,https://www.medizin-transparent.at/prostatakrebs-abwarten-oder-operieren/
385,"Does Active Surveillance reduce the likelihood of becoming impotent or incontinence, i.e. unintentional urine leakage ??","Claim: Does Active Surveillance reduce the likelihood of becoming impotent or incontinence, i.e. unintentional urine leakage ?? | Finding: Relatively good evidence shows that men with low-risk prostate cancer who are regularly monitored under active surveillance and receive treatment only when necessary are less likely to suffer from incontinence and impotence than patients who have undergone surgery or radiation. However, those on active surveillance may develop tumors more often and may be more likely to develop metastases. Whether men on active surveillance may be more likely to die from prostate cancer than immediately treated prostate cancer patients is insufficiently studied. However, study results suggest that there is no serious difference in life expectancy between the two strategies.",supports,Medizin Transparent,https://www.medizin-transparent.at/prostatakrebs-abwarten-oder-operieren/
386,Do extracts of prickly pear (Opuntia ficus-indica) help with hangover symptoms after alcohol consumption?,"Claim: Do extracts of prickly pear (Opuntia ficus-indica) help with hangover symptoms after alcohol consumption? | Finding: To date, there have been few studies investigating efficacy of prickly pear extracts after alcohol consumption.",uncertain,Medizin Transparent,https://www.medizin-transparent.at/kaktusfeige-hilfe-gegen-kater/
387,Do statins help older people suffering from cardiovascular disease to live longer? Do they reduce the risk of heart attack and stroke?,"Claim: Do statins help older people suffering from cardiovascular disease to live longer? Do they reduce the risk of heart attack and stroke? | Finding: People with cardiovascular disease who do not take a statin die earlier. Without statins, heart attacks and strokes are also more likely to occur. This has not been studied in people aged 75 and older who do not yet have any pronounced cardiovascular disease, but only risk factors. It is therefore unclear whether they benefit from starting statin treatment.",supports,Medizin Transparent,https://www.medizin-transparent.at/cholesterin-senken-statine-auch-im-alter/
388,Are statins useful in preventing cardiovascular disease in people 75 years and older???,"Claim: Are statins useful in preventing cardiovascular disease in people 75 years and older??? | Finding: People with cardiovascular disease who do not take a statin die earlier. Without statins, heart attacks and strokes are also more likely to occur. This has not been studied in people aged 75 and older who do not yet have any pronounced cardiovascular disease, but only risk factors. It is therefore unclear whether they benefit from starting statin treatment.",uncertain,Medizin Transparent,https://www.medizin-transparent.at/cholesterin-senken-statine-auch-im-alter/
389,"Is Traumeel gel or ointment effective for sports injuries such as sprains, bruises and strains?","Claim: Is Traumeel gel or ointment effective for sports injuries such as sprains, bruises and strains? | Finding: The studies conducted so far are not sufficient to confirm the effectiveness of Traumeel in sports injuries.",uncertain,Medizin Transparent,https://www.medizin-transparent.at/traumeel-hilft-ein-homoeopathisches-mittel-bei-sportverletzungen/
390,Are weather phenomena and weather changes triggers of migraine attacks?,"Claim: Are weather phenomena and weather changes triggers of migraine attacks? | Finding: In sum, the topic is still not well researched. This could be due to the difficulty of providing evidence for what may be a very individual phenomenon.",uncertain,Medizin Transparent,https://www.medizin-transparent.at/migraene-wetter/
391,Does artichoke preparation help with gastrointestinal problems?,"Claim: Does artichoke preparation help with gastrointestinal problems? | Finding: There are some studies on the subject. However, the quality of these studies is very poor. There is a lack of solid evidence for the positive results, for example because the subjects were not blinded or compared with control groups. The role played by pharmaceutical companies in financing and conducting the studies also points to possible bias effects.",uncertain,Medizin Transparent,https://www.medizin-transparent.at/artischocke-magen-darm/
392,Does prickly pear help with long-term weight loss?,"Claim: Does prickly pear help with long-term weight loss? | Finding: Based on the study situation, it is unclear whether dietary supplements with prickly pear are supportive in losing weight over a long period of time. They probably do not help to reduce weight in the short term. It is possible that they can help to reduce the body fat percentage and BMI a little. But these effects are small - and probably have little or no impact on the individual. Reliable long-term studies on possible positive effects are lacking. In addition, it is uncertain what undesirable and possibly dangerous side effects may occur as a result of long-term use of prickly pear supplements.",uncertain,Medizin Transparent,https://www.medizin-transparent.at/abnehmen-kaktusfeige/
393,Can turmeric relieve the symptoms of depression?,Claim: Can turmeric relieve the symptoms of depression? | Finding: It is unclear whether turmeric can help with depression. The studies on this question that do exist are only of modest quality.,uncertain,Medizin Transparent,https://www.medizin-transparent.at/kurkuma-stimmungsmacher-bei-depression/
394,Do phthalates affect semen quality in men?,"Claim: Do phthalates affect semen quality in men? | Finding: In animal studies, some phthalates may promote infertility. Previous research in men suggests that levels of phthalates found in everyday life may reduce the quality of sperm cells in humans. This association is not well established, and it is unclear to what extent it affects fertility. Whether the plasticizers prevent women from becoming pregnant has not yet been investigated in meaningful studies.",supports,Medizin Transparent,https://www.medizin-transparent.at/phthalate-machen-weichmacher-unfruchtbar/
395,Do phthalates reduce the likelihood of pregnancy in women?,"Claim: Do phthalates reduce the likelihood of pregnancy in women? | Finding: In animal studies, some phthalates may promote infertility. Previous research in men suggests that levels of phthalates found in everyday life may reduce the quality of sperm cells in humans. This association is not well established, and it is unclear to what extent it affects fertility. Whether the plasticizers prevent women from becoming pregnant has not yet been investigated in meaningful studies.",uncertain,Medizin Transparent,https://www.medizin-transparent.at/phthalate-machen-weichmacher-unfruchtbar/
396,Does ginseng improve mental performance in healthy individuals and patients with Alzheimer's dementia?,Claim: Does ginseng improve mental performance in healthy individuals and patients with Alzheimer's dementia? | Finding: Studies published so far are too untrustworthy to be able to prove such an effect of ginseng.,uncertain,Medizin Transparent,https://www.medizin-transparent.at/ginseng-die-wurzel-geistiger-fitness/
397,Does leaky gut syndrome cause health complaints or diseases?,"Claim: Does leaky gut syndrome cause health complaints or diseases? | Finding: There is no clear definition of what leaky gut syndrome is. In fact, the intestinal mucosa is more permeable than usual in some diseases. However, it is unclear whether this is a cause or the consequence of the respective disease.",uncertain,Medizin Transparent,https://www.medizin-transparent.at/leaky-gut-syndrom/
398,Does the Alexander Technique help with back pain and neck pain?,"Claim: Does the Alexander Technique help with back pain and neck pain? | Finding: Previous studies suggest that the Alexander Technique may help with long-lasting pain in the back and neck. However, further studies need to confirm this. For neck pain, the improvement does not seem to be very great.",supports,Medizin Transparent,https://www.medizin-transparent.at/alexandertechnik-verspannungen-verlernen/
399,Do the components of the Moringa oleifera tree have a positive effect on health?,"Claim: Do the components of the Moringa oleifera tree have a positive effect on health? | Finding: No well-conducted studies can be found that demonstrate any health benefits from extracts of the Moringa tree. Also, possible side effects of the plant preparations and any health effects during pregnancy and lactation are not well studied.",uncertain,Medizin Transparent,https://www.medizin-transparent.at/moringa-wunderbaum-zum-einnehmen/
400,"Does an extract from the root of the Cape geranium (Pelargonium sidoides, Umckaloabo) work against bronchitis?","Claim: Does an extract from the root of the Cape geranium (Pelargonium sidoides, Umckaloabo) work against bronchitis? | Finding: There is evidence of a possible effect in bronchitis. The effectiveness for colds or sinusitis has hardly been researched in reliable studies. It is therefore still an open question whether substances from Cape pelargonium can favorably influence colds and sinusitis.",supports,Medizin Transparent,https://www.medizin-transparent.at/hilft-die-kapland-pelargonie-bei-erkaltungen/
401,Does geranium extract help against colds and sinusitis???,Claim: Does geranium extract help against colds and sinusitis??? | Finding: There is evidence of a possible effect in bronchitis. The effectiveness for colds or sinusitis has hardly been researched in reliable studies. It is therefore still an open question whether substances from Cape pelargonium can favorably influence colds and sinusitis.,uncertain,Medizin Transparent,https://www.medizin-transparent.at/hilft-die-kapland-pelargonie-bei-erkaltungen/
402,Does taking DHEA have an anti-aging effect by increasing the physical and mental well-being of older people?,Claim: Does taking DHEA have an anti-aging effect by increasing the physical and mental well-being of older people? | Finding: Previous studies show that well-being of body and soul is unlikely to change when older people take DHEA. The same applies to memory and sexual life. Whether DHEA prolongs life or improves health in old age has not yet been scientifically studied.,refutes,Medizin Transparent,https://www.medizin-transparent.at/dhea/
403,Can DHEA prolong life or improve health in old age?,Claim: Can DHEA prolong life or improve health in old age? | Finding: Previous studies show that well-being of body and soul is unlikely to change when older people take DHEA. The same applies to memory and sexual life. Whether DHEA prolongs life or improves health in old age has not yet been scientifically studied.,uncertain,Medizin Transparent,https://www.medizin-transparent.at/dhea/
404,Can the proper use of fluoride toothpaste cause serious long-term health problems?,"Claim: Can the proper use of fluoride toothpaste cause serious long-term health problems? | Finding: The reduction of caries risk by fluoride-containing toothpaste is fairly well proven, especially for children and adolescents. Serious side effects have not been observed in studies to date when used properly. In children up to the age of about eight, regular swallowing of fluoride toothpaste can lead to mild dental fluorosis. However, this is not harmful to health. Long-term health problems are not known to date.",uncertain,Medizin Transparent,https://www.medizin-transparent.at/fluorid-zahnpasta-als-gesundheitsgefahr/
405,Does fluoride toothpaste prevent tooth decay?,"Claim: Does fluoride toothpaste prevent tooth decay? | Finding: The reduction of caries risk by fluoride-containing toothpaste is fairly well proven, especially for children and adolescents. Serious side effects have not been observed in studies to date when used properly. In children up to the age of about eight, regular swallowing of fluoride toothpaste can lead to mild dental fluorosis. However, this is not harmful to health. Long-term health problems are not known to date.",supports,Medizin Transparent,https://www.medizin-transparent.at/fluorid-zahnpasta-als-gesundheitsgefahr/
406,Do products with the tropical fruit mangosteen promote health?,"Claim: Do products with the tropical fruit mangosteen promote health? | Finding: One study has investigated whether a drink containing mangosteen juice alleviates fatigue during exercise. Three other studies have investigated dietary supplements with extracts from the mangosteen for weight loss. However, none of these studies can demonstrate a positive effect.",uncertain,Medizin Transparent,https://www.medizin-transparent.at/mangostane/
407,"Are topical agents containing acids and oils, such as Excilor and Nailner, effective for nail fungus?","Claim: Are topical agents containing acids and oils, such as Excilor and Nailner, effective for nail fungus? | Finding: To date, there have been only a few studies dealing with the ingredients of such agents. These are of too poor quality to be able to make a statement on efficacy or inefficacy.",uncertain,Medizin Transparent,https://www.medizin-transparent.at/nagelpilz/
408,Can weight loss programs reduce obesity in children and adolescents?,"Claim: Can weight loss programs reduce obesity in children and adolescents? | Finding: Studies to date suggest that weight-loss programs involving diet, exercise or behavioral therapy - or a combination of these - can somewhat reduce obesity in children and adolescents. At least in adolescents, they are also likely to improve quality of life. Whether the programs also have a long-term effect, however, has hardly been studied.",supports,Medizin Transparent,https://www.medizin-transparent.at/uebergewicht-bei-kindern/
409,Does valerian help with sleep disorders?,"Claim: Does valerian help with sleep disorders? | Finding: Valerian is popular. However, studies have so far failed to provide good evidence of its effectiveness against sleep disorders.",uncertain,Medizin Transparent,https://www.medizin-transparent.at/baldrian-pflanzliches-schlafmittel-mit-fragezeichen/
410,Is milk thistle extract an effective treatment for liver disease?,Claim: Is milk thistle extract an effective treatment for liver disease? | Finding: Previous studies on this have been poorly conducted and are therefore not conclusive enough. Whether milk thistle can improve liver disease due to alcohol abuse or hepatitis B or C is unclear.,uncertain,Medizin Transparent,https://www.medizin-transparent.at/mariendistel-zur-leber-erholung-fragwurdig/
411,Do dietary supplements with amino acids and proteins help against muscle atrophy in old age (sarcopenia)?,"Claim: Do dietary supplements with amino acids and proteins help against muscle atrophy in old age (sarcopenia)? | Finding: There is scattered evidence that taking amino acids can help people with sarcopenia. However, more well-done studies are needed. This is the only way to reliably assess whether the alleged effect actually exists, how large it is, and what the ideal dose, optimal duration of intake, and possible side effects are.",uncertain,Medizin Transparent,https://www.medizin-transparent.at/muskelschwund-im-alter-helfen-nahrungserganzungsmittel/
412,Can music therapy help people affected by stroke learn to walk normally again?,"Claim: Can music therapy help people affected by stroke learn to walk normally again? | Finding: Music therapy that works with rhythm can probably help people with a walking disorder to walk faster again and take larger steps. It is still unclear whether music therapy after a stroke can also help with problems with speech, limited movement of the arms, hands and fingers, difficulties with memory or attention, or depression.",supports,Medizin Transparent,https://www.medizin-transparent.at/schlaganfall-rehabilitation-mit-musik/
413,Can music therapy help stroke victims with other problems???,"Claim: Can music therapy help stroke victims with other problems??? | Finding: Music therapy that works with rhythm can probably help people with a walking disorder to walk faster again and take larger steps. It is still unclear whether music therapy after a stroke can also help with problems with speech, limited movement of the arms, hands and fingers, difficulties with memory or attention, or depression.",uncertain,Medizin Transparent,https://www.medizin-transparent.at/schlaganfall-rehabilitation-mit-musik/
414,Does plant or animal protein have an influence on lifespan?,"Claim: Does plant or animal protein have an influence on lifespan? | Finding: It is possible that vegetable protein and animal protein from eggs, poultry and fish have a more favorable effect on lifespan than proteins from red meat. However, it is unclear how strong this possible effect is or in which groups of people it unfolds.",supports,Medizin Transparent,https://www.medizin-transparent.at/tierisches-eiweiss/
415,Does chicken soup help with colds?,"Claim: Does chicken soup help with colds? | Finding: So far, this has only been investigated in laboratory experiments. Studies on efficacy in humans are missing so far. Therefore, we can not judge whether chicken soup is helpful for colds.",uncertain,Medizin Transparent,https://www.medizin-transparent.at/huehnersuppe-bei-erkaeltung/
416,"Do herbal remedies containing an extract of Chinese tragacanth root, such as Lectranal or Allvent, help against allergies?","Claim: Do herbal remedies containing an extract of Chinese tragacanth root, such as Lectranal or Allvent, help against allergies? | Finding: So far, there is only one study with a few participants, and the results are not particularly convincing.",uncertain,Medizin Transparent,https://www.medizin-transparent.at/tragant-allergie/
417,Does alkaline water keep you healthy or can it prevent disease?,Claim: Does alkaline water keep you healthy or can it prevent disease? | Finding: It is unclear whether alkaline water can promote health or prevent disease in healthy adults. Well-done studies on the subject are lacking. Large effects from alkaline drinking water are not likely.,uncertain,Medizin Transparent,https://www.medizin-transparent.at/basisches-wasser/
418,Do remedies with hops or valerian help with anxiety disorders?,Claim: Do remedies with hops or valerian help with anxiety disorders? | Finding: The results of previous studies are not conclusive. The reason is that too few participants were examined in them and the studies were also poorly conducted.,uncertain,Medizin Transparent,https://www.medizin-transparent.at/baldrian-angst/
419,Do extracts of African devil's claw (Harpagophytum procumbens) relieve pain in patients with osteoarthritis?,"Claim: Do extracts of African devil's claw (Harpagophytum procumbens) relieve pain in patients with osteoarthritis? | Finding: Currently, there are no well-conducted studies to assess the efficacy of devil's claw extracts in worn joints.",uncertain,Medizin Transparent,https://www.medizin-transparent.at/teufelskralle-arthrose/
420,Can probiotics prevent diarrhea after treatment with antibiotics?,Claim: Can probiotics prevent diarrhea after treatment with antibiotics? | Finding: Probiotics can likely reduce the risk of diarrhea after antibiotics.,supports,Medizin Transparent,https://www.medizin-transparent.at/durchfall-probiotika-gegen-antibiotika/
421,Is exercise an effective measure to combat depression?,"Claim: Is exercise an effective measure to combat depression? | Finding: Current scientific evidence suggests that exercise can alleviate the symptoms of depression. However, the positive effect is only moderately pronounced. Sport does not work any better than current treatments (antidepressants, psychotherapy).",supports,Medizin Transparent,https://www.medizin-transparent.at/sport-als-antidepressivum/
422,Can a tantrum trigger a heart attack?,Claim: Can a tantrum trigger a heart attack? | Finding: The likelihood of a heart attack may be increased in the hours following an episode of anger. Whether frequent anger over many years leads to a higher risk of heart attack overall has not been proven.,supports,Medizin Transparent,https://www.medizin-transparent.at/wut-herzinfarkt/
423,Can anger over a long period of time increase the risk of heart attack???,Claim: Can anger over a long period of time increase the risk of heart attack??? | Finding: The likelihood of a heart attack may be increased in the hours following an episode of anger. Whether frequent anger over many years leads to a higher risk of heart attack overall has not been proven.,uncertain,Medizin Transparent,https://www.medizin-transparent.at/wut-herzinfarkt/
424,Can capsules with omega-3 fatty acids from fish oil relieve depression?,"Claim: Can capsules with omega-3 fatty acids from fish oil relieve depression? | Finding: The studies conducted to date are hardly trustworthy. Their combined results do not suggest that omega-3 fatty acids from fish oil could appreciably alleviate depression. In studies comparing fish oil with drugs for depression, the omega-3 fatty acids appeared to work worse than the drugs.",uncertain,Medizin Transparent,https://www.medizin-transparent.at/omega-3-depression/
425,Does regular consumption of coffee increase the risk of heart disease such as heart attack or stroke?,"Claim: Does regular consumption of coffee increase the risk of heart disease such as heart attack or stroke? | Finding: Studies of people who are healthy and drink coffee regularly do not appear to show an increased risk of heart attack, stroke or other cardiovascular disease. On the contrary, they even suggest that coffee may reduce the likelihood of these.",refutes,Medizin Transparent,https://www.medizin-transparent.at/kaffee-gesund/
426,Do cesarean babies have a higher risk of becoming overweight later in life?,"Claim: Do cesarean babies have a higher risk of becoming overweight later in life? | Finding: There is evidence that birth by cesarean section may slightly increase the risk of obesity later in life. For asthma, allergies and type 1 diabetes, an increase in risk due to a cesarean section is unclear. Overall, it is not yet clear whether there is a direct causal relationship between the type of delivery and the development of diseases in childhood, adolescence and adulthood.",supports,Medizin Transparent,https://www.medizin-transparent.at/kaiserschnitt-praegend-fuer-die-gesundheit/
427,Do cesarean babies have a higher risk of asthma and allergies later in life? Do they have an increased risk of type 1 diabetes??,"Claim: Do cesarean babies have a higher risk of asthma and allergies later in life? Do they have an increased risk of type 1 diabetes?? | Finding: There is evidence that birth by cesarean section may slightly increase the risk of obesity later in life. For asthma, allergies and type 1 diabetes, an increase in risk due to a cesarean section is unclear. Overall, it is not yet clear whether there is a direct causal relationship between the type of delivery and the development of diseases in childhood, adolescence and adulthood.",uncertain,Medizin Transparent,https://www.medizin-transparent.at/kaiserschnitt-praegend-fuer-die-gesundheit/
428,Does the pregnancy hormone hCG help with weight loss?,Claim: Does the pregnancy hormone hCG help with weight loss? | Finding: Studies conducted to date on this issue contradict this assertion,refutes,Medizin Transparent,https://www.medizin-transparent.at/hcg-hormon-zur-gewichtsreduktion-wirkungslos/
429,Does cupping relieve chronic neck and back pain?,Claim: Does cupping relieve chronic neck and back pain? | Finding: Studies to date are of too low quality to provide a meaningful answer.,uncertain,Medizin Transparent,https://www.medizin-transparent.at/schropfen-soll-schmerzen-lindern/
430,Can eating broccoli or broccoli sprouts improve gastritis symptoms?,"Claim: Can eating broccoli or broccoli sprouts improve gastritis symptoms? | Finding: So far, there is a lack of well-done human studies that would show that eating broccoli or broccoli sprouts can help with gastritis.",uncertain,Medizin Transparent,https://www.medizin-transparent.at/brokkoli-therapie-gegen-gastritis/
431,Do Schuessler salts work? (alternative spellings: Schuessler salts or Schuessler salts),"Claim: Do Schuessler salts work? (alternative spellings: Schuessler salts or Schuessler salts) | Finding: The concept of Schüßler salts is not scientifically plausible. Moreover, the effectiveness of the alternative medical method has never been investigated in studies.",uncertain,Medizin Transparent,https://www.medizin-transparent.at/keine-spur-von-schusler-salzen/
432,Does pelvic floor training help women with stress-related urinary incontinence?,"Claim: Does pelvic floor training help women with stress-related urinary incontinence? | Finding: Several systematic reviews confirm the effectiveness of pelvic floor muscle training in different groups of patients. Slight doubts exist only because the individual studies use very different methods, which makes an overall evaluation difficult.",supports,Medizin Transparent,https://www.medizin-transparent.at/beckenboden-training-bei-inkontinenz/
433,Can methadone enhance the effects of chemotherapy or other cancer treatments and help cure cancer?,"Claim: Can methadone enhance the effects of chemotherapy or other cancer treatments and help cure cancer? | Finding: So far, this has not been verified in scientific studies.",uncertain,Medizin Transparent,https://www.medizin-transparent.at/methadon-krebs/
434,Can treatment with tea tree oil relieve pimples (acne)?,"Claim: Can treatment with tea tree oil relieve pimples (acne)? | Finding: While a small study provides tentative evidence that tea tree oil may help against pimples, only further, well-done studies can provide scientific certainty.",supports,Medizin Transparent,https://www.medizin-transparent.at/teebaumoel-gegen-pickel/
435,Does sugar consumption impair memory or other mental performance?,Claim: Does sugar consumption impair memory or other mental performance? | Finding: Whether a high-sugar diet impairs mental performance in the long term has not been adequately researched; there is a lack of conclusive studies over a long period of time.,uncertain,Medizin Transparent,https://www.medizin-transparent.at/macht-zucker-dumm/
436,Does extra folic acid in men help prevent birth defects in children?,"Claim: Does extra folic acid in men help prevent birth defects in children? | Finding: There is no clinical study on this question in humans. Some laboratory studies show a possible influence of folic acid on sperm quality, but even there the study situation is by no means sufficient. An influence on birth defects has not been investigated.",uncertain,Medizin Transparent,https://www.medizin-transparent.at/folsaeure-fuer-moechtegern-vaeter/
437,Does taking ginger reduce nausea and vomiting during pregnancy?,"Claim: Does taking ginger reduce nausea and vomiting during pregnancy? | Finding: There are some studies on ginger as a remedy for nausea in early pregnancy, but the results are contradictory. As a remedy for motion sickness, ginger has almost not been studied at all. In a small study against seasickness, ginger partially reduced symptoms, but whether the effect is large enough for people to actually notice it while traveling cannot be said for sure based on this study.",uncertain,Medizin Transparent,https://www.medizin-transparent.at/ingwer-uebelkeit/
438,Does taking ginger prevent motion sickness??,"Claim: Does taking ginger prevent motion sickness?? | Finding: There are some studies on ginger as a remedy for nausea in early pregnancy, but the results are contradictory. As a remedy for motion sickness, ginger has almost not been studied at all. In a small study against seasickness, ginger partially reduced symptoms, but whether the effect is large enough for people to actually notice it while traveling cannot be said for sure based on this study.",uncertain,Medizin Transparent,https://www.medizin-transparent.at/ingwer-uebelkeit/
439,Are electric cigarettes less harmful than tobacco smoking?,"Claim: Are electric cigarettes less harmful than tobacco smoking? | Finding: Clinical studies on e-cigarettes are thin on the ground. The ingredients are extremely varied, and their long-term effects are unknown. Only long-term studies will provide certainty.",uncertain,Medizin Transparent,https://www.medizin-transparent.at/e-zigaretten-eh-harmlos/
440,Does parents licking the pacifier protect children from allergic diseases?,"Claim: Does parents licking the pacifier protect children from allergic diseases? | Finding: There is only one study on this issue. However, the results are not conclusive.",uncertain,Medizin Transparent,https://www.medizin-transparent.at/schnuller-ablecken/
441,Does calcium help with allergy?,"Claim: Does calcium help with allergy? | Finding: Whether the preventive intake of calcium helps against different types of allergy has not been investigated in meaningful studies. The available studies either examine participants without allergy, measure only one-time reactions and artificial situations, or do not test effects that actually matter to patients.",uncertain,Medizin Transparent,https://www.medizin-transparent.at/calcium-allergie/
442,Can taking vitamin D relieve chronic pain?,Claim: Can taking vitamin D relieve chronic pain? | Finding: Studies to date are contradictory. They cannot provide a clear indication that vitamin D can alleviate chronic pain; further studies are needed.,uncertain,Medizin Transparent,https://www.medizin-transparent.at/vitamin-d-schmerzen/
443,Does aloe vera relieve discomfort caused by psoriasis?,Claim: Does aloe vera relieve discomfort caused by psoriasis? | Finding: There is no evidence of efficacy for any of these skin problems. At least partially conclusive studies exist only for psoriasis - but there the results are contradictory.,uncertain,Medizin Transparent,https://www.medizin-transparent.at/wie-gut-ist-aloe-vera-fuer-die-haut/
444,"Does aloe vera help with neurodermatitis, poorly healing or fresh wounds?","Claim: Does aloe vera help with neurodermatitis, poorly healing or fresh wounds? | Finding: There is no evidence of efficacy for any of these skin problems. At least partially conclusive studies exist only for psoriasis - but there the results are contradictory.",uncertain,Medizin Transparent,https://www.medizin-transparent.at/wie-gut-ist-aloe-vera-fuer-die-haut/
445,Does electromagnetic radiation from cell phone towers cause health problems such as headaches or sleep disorders?,"Claim: Does electromagnetic radiation from cell phone towers cause health problems such as headaches or sleep disorders? | Finding: The few studies on electrosensitivity so far tend to indicate that it is not the cell phone masts themselves that affect the health of electrosensitive people. Their complaints such as headaches, sleep disturbances or concentration problems are more likely to be triggered by concerns about cell phone tower radiation. Long-term studies in the field are still lacking.",refutes,Medizin Transparent,https://www.medizin-transparent.at/elektrosensibilitaet/
446,Can antibiotic-resistant germs from animal husbandry be transferred to humans?,"Claim: Can antibiotic-resistant germs from animal husbandry be transferred to humans? | Finding: Whether the use of antibiotics in agricultural animal husbandry could directly harm human health is currently not sufficiently researched. However, studies indicate that transmission of resistant bacterial strains from pigs and co to people who have direct contact with animals in farm animal fattening is possible.",supports,Medizin Transparent,https://www.medizin-transparent.at/antibiotika-tierhaltung/
447,Does the use of antibiotics in animal husbandry harm human health?,"Claim: Does the use of antibiotics in animal husbandry harm human health? | Finding: Whether the use of antibiotics in agricultural animal husbandry could directly harm human health is currently not sufficiently researched. However, studies indicate that transmission of resistant bacterial strains from pigs and co to people who have direct contact with animals in farm animal fattening is possible.",uncertain,Medizin Transparent,https://www.medizin-transparent.at/antibiotika-tierhaltung/
448,Does regular vitamin D intake lower the risk of cancer in adults?,"Claim: Does regular vitamin D intake lower the risk of cancer in adults? | Finding: Studies lasting up to seven years and involving a total of around 50,000 participants have been unable to find any effect.",refutes,Medizin Transparent,https://www.medizin-transparent.at/vitamin-d-krebs/
449,Does regular consumption of ground flaxseed harm health?,"Claim: Does regular consumption of ground flaxseed harm health? | Finding: Currently, there are no well-done studies that have investigated whether daily consumption of ground flaxseed over an extended period of time can be detrimental to health.",uncertain,Medizin Transparent,https://www.medizin-transparent.at/leinsamen-gesund/
450,1. can MMR vaccination cause autism?,"Claim: 1. can MMR vaccination cause autism? | Finding: Autism: A study that found a link was later exposed as a hoax. Subsequent studies of more than half a million children have not confirmed the claim.,Intestinal intussusceptions: There is evidence that infants vaccinated against rotavirus have a slightly higher risk of intestinal intussusception than those not vaccinated. At the same time, vaccination makes it likely that babies will be significantly less likely to develop severe diarrhea within the next two years.",refutes,Medizin Transparent,https://www.medizin-transparent.at/impfschaeden/
451,3. does vaccination against rotavirus increase the risk of intestinal intussusception in infants?,"Claim: 3. does vaccination against rotavirus increase the risk of intestinal intussusception in infants? | Finding: Autism: A study that found a link was later exposed as a hoax. Subsequent studies of more than half a million children have not confirmed the claim.,Intestinal intussusceptions: There is evidence that infants vaccinated against rotavirus have a slightly higher risk of intestinal intussusception than those not vaccinated. At the same time, vaccination makes it likely that babies will be significantly less likely to develop severe diarrhea within the next two years.",supports,Medizin Transparent,https://www.medizin-transparent.at/impfschaeden/
452,Is ozone suitable for the treatment of tooth decay?,"Claim: Is ozone suitable for the treatment of tooth decay? | Finding: Treating caries quickly and painlessly with ozone instead of syringes, drills and fillings - that sounds tempting. However, well-done studies on the efficacy and safety of ozone treatment are lacking. To be sure, there are some positive indications. But they are not enough to recommend ozone therapy for the general public.",uncertain,Medizin Transparent,https://www.medizin-transparent.at/ozonbehandlung-zaehne/
453,Does the so-called blood group diet have any health benefits?,"Claim: Does the so-called blood group diet have any health benefits? | Finding: Already the theory of the blood group diet is scientifically implausible. More importantly, there are no conclusive studies that prove any health benefits of this diet.",uncertain,Medizin Transparent,https://www.medizin-transparent.at/blutgruppendiaet/
454,"Can pumpkin seeds or preparations from them help women and men with irritable bladder, bladder weakness or incontinence?","Claim: Can pumpkin seeds or preparations from them help women and men with irritable bladder, bladder weakness or incontinence? | Finding: Whether pumpkin seeds can help has not yet been sufficiently researched.",uncertain,Medizin Transparent,https://www.medizin-transparent.at/reizblase-kuerbiskerne/
455,"Do products from bees like honey, propolis, royal jelly or bee venom help against cancer?","Claim: Do products from bees like honey, propolis, royal jelly or bee venom help against cancer? | Finding: So far, only laboratory experiments in the Petri dish and animal studies have been carried out. Studies on cancer patients are still lacking. Therefore, it is currently not possible to assess whether such products are also suitable as a remedy for cancer in humans.",uncertain,Medizin Transparent,https://www.medizin-transparent.at/bienen-krebs/
456,Do pumpkin seed preparations improve symptoms caused by a benign enlarged prostate?,"Claim: Do pumpkin seed preparations improve symptoms caused by a benign enlarged prostate? | Finding: In two studies, symptoms did not improve even after one year of treatment.",refutes,Medizin Transparent,https://www.medizin-transparent.at/kuerbiskerne-prostata/
457,"Can gels and ointments containing arnica, hawthorn, cypress, butcher's broom, Asian (or Indian) pennywort, and heparin, such as VaricoFix, relieve discomfort and secondary symptoms of varicose veins?","Claim: Can gels and ointments containing arnica, hawthorn, cypress, butcher's broom, Asian (or Indian) pennywort, and heparin, such as VaricoFix, relieve discomfort and secondary symptoms of varicose veins? | Finding: There are no good studies on the efficacy of the above-mentioned combination of active ingredients or on individual ingredients of VaricoFix. No scientifically proven statements can be made about possible side effects of the preparation either.",uncertain,Medizin Transparent,https://www.medizin-transparent.at/varicofix/
458,Does putting onion bags help with acute otitis media?,"Claim: Does putting onion bags help with acute otitis media? | Finding: There is a lack of good studies on the use of onion bags in children suffering from acute otitis media. Therefore, we cannot make any statements about a possible benefit of this home remedy. However, it can be said that the common ear infections usually heal without complications.",uncertain,Medizin Transparent,https://www.medizin-transparent.at/zwiebelsaeckchen-mittelohrentzuendung/
459,Can serious problems occur after stopping antidepressants?,Claim: Can serious problems occur after stopping antidepressants? | Finding: It is now well documented that discontinuing certain antidepressants can lead to health problems. The symptoms are similar to those experienced when withdrawing from strong tranquilizers.,supports,Medizin Transparent,https://www.medizin-transparent.at/antidepressiva-absetzen/
460,Does self urine help with health problems?,Claim: Does self urine help with health problems? | Finding: There is not a single health complaint for which there is proof of efficacy of a urine application.,uncertain,Medizin Transparent,https://www.medizin-transparent.at/eigenurintherapie-gesund-dank-der-eigenen-ausscheidungen/
461,Do unsaturated fats (from plants and fish) reduce cardiovascular disease compared to saturated fats (from meat and dairy products)?,Claim: Do unsaturated fats (from plants and fish) reduce cardiovascular disease compared to saturated fats (from meat and dairy products)? | Finding: Replacing saturated fats more often with unsaturated fats probably reduces the risk of cardiovascular disease.,supports,Medizin Transparent,https://www.medizin-transparent.at/gesaettigte-fette-entwarnung-fuer-herzrisiko-irrefuehrend/
462,Is a vegetarian diet including eggs and dairy products healthier than a diet that includes meat?,"Claim: Is a vegetarian diet including eggs and dairy products healthier than a diet that includes meat? | Finding: People who eat a vegetarian diet do not seem to live longer than people who eat meat. However, it is possible that the meat-free diet causes them to develop cardiovascular diseases or cancer less frequently.",supports,Medizin Transparent,https://www.medizin-transparent.at/vegetarier-gesuender-ohne-fleisch/
463,Can washing hands with antibacterial soaps or wash lotions containing triclosan or triclocarban prevent the risk of contracting diseases in the household?,"Claim: Can washing hands with antibacterial soaps or wash lotions containing triclosan or triclocarban prevent the risk of contracting diseases in the household? | Finding: Washing hands clearly protects against infections. However, those who use antibacterial soaps for this purpose are very unlikely to contract infectious diseases any less frequently than people who use conventional soap. This statement applies to soaps containing the active ingredients triclosan or triclocarban. Whether other antibacterial active ingredients in soaps work better has not been investigated.",refutes,Medizin Transparent,https://www.medizin-transparent.at/triclosan-antibakterielle-seife/
464,Can hand washing with antibacterial soaps or wash lotions containing other disinfectants reduce the risk of infection compared to regular soap???,"Claim: Can hand washing with antibacterial soaps or wash lotions containing other disinfectants reduce the risk of infection compared to regular soap??? | Finding: Washing hands clearly protects against infections. However, those who use antibacterial soaps for this purpose are very unlikely to contract infectious diseases any less frequently than people who use conventional soap. This statement applies to soaps containing the active ingredients triclosan or triclocarban. Whether other antibacterial active ingredients in soaps work better has not been investigated.",uncertain,Medizin Transparent,https://www.medizin-transparent.at/triclosan-antibakterielle-seife/
465,Does homeopathy work better than a placebo?,Claim: Does homeopathy work better than a placebo? | Finding: The summarized results of previous studies show: There are no diseases or complaints for which homeopathy has been proven to help better than a placebo.,refutes,Medizin Transparent,https://www.medizin-transparent.at/streitthema-homoopathie/
466,Does toothpaste containing xylitol reduce the risk of caries?,"Claim: Does toothpaste containing xylitol reduce the risk of caries? | Finding: At least in children, xylitol in toothpaste in addition to fluoride could reduce the caries risk. However, reliability is limited by the small number of studies, which were only conducted under very similar conditions and have some methodological shortcomings. Studies on other xylitol-containing products are methodologically flawed and come to contradictory results",supports,Medizin Transparent,https://www.medizin-transparent.at/xylit-gegen-karies/
467,"Do other xylitol-containing products (e.g. chewing gums, sweets, mouth rinses) reduce the risk of caries in addition to normal dental care?","Claim: Do other xylitol-containing products (e.g. chewing gums, sweets, mouth rinses) reduce the risk of caries in addition to normal dental care? | Finding: At least in children, xylitol in toothpaste in addition to fluoride could reduce the caries risk. However, reliability is limited by the small number of studies, which were only conducted under very similar conditions and have some methodological shortcomings. Studies on other xylitol-containing products are methodologically flawed and come to contradictory results",uncertain,Medizin Transparent,https://www.medizin-transparent.at/xylit-gegen-karies/
468,Are paper towels or electric dryers more hygienic after washing hands?,"Claim: Are paper towels or electric dryers more hygienic after washing hands? | Finding: Studies to date do not allow any clear conclusions to be drawn as to which method most reliably reduces the germ load on the hands. However, the number of studies is also rather poor, since the studies use very different methods and have various shortcomings. The good news is that drying is less important for germ contamination than washing hands beforehand!",uncertain,Medizin Transparent,https://www.medizin-transparent.at/haendetrockner/
469,"Are soy foods risky for people with unremarkable, or subclinical, hypothyroidism?","Claim: Are soy foods risky for people with unremarkable, or subclinical, hypothyroidism? | Finding: Based on the study situation, it is unclear whether foods from soybeans can worsen inconspicuous hypothyroidism in susceptible individuals to the point where symptoms occur. One study does provide some evidence in this direction. But more robust research is needed to better clarify the issue.",uncertain,Medizin Transparent,https://www.medizin-transparent.at/soja-lebensmittel-riskant-fuer-die-schilddruese/
470,Does taking vitamin B3 prolong life?,"Claim: Does taking vitamin B3 prolong life? | Finding: At present, only individual laboratory experiments on simple worms indicate that vitamin B3 could have a life-prolonging effect. Whether this also applies to humans is completely unclear; studies on this are lacking.",uncertain,Medizin Transparent,https://www.medizin-transparent.at/vitamin-b3-quelle-langen-lebens/
471,"Can taking Ribose help with heart conditions such as heart failure, narrowing of the coronary arteries (coronary artery disease), or heart attack?","Claim: Can taking Ribose help with heart conditions such as heart failure, narrowing of the coronary arteries (coronary artery disease), or heart attack? | Finding: Some studies do suggest that there may be a possible link between the intake of (D)-ribose and cardiac function. However, these studies are not very conclusive.",uncertain,Medizin Transparent,https://www.medizin-transparent.at/ribose/
472,Are vitamins and minerals effective and safe in lowering cholesterol?,"Claim: Are vitamins and minerals effective and safe in lowering cholesterol? | Finding: Whether dietary supplements can lower cholesterol is still poorly researched. We have answered further questions in separate articles: Multivitamin supplements have not been shown to reduce the risk of cardiovascular disease. It is possible that fish oil capsules have a positive effect, but this must first be confirmed in well-done studies.",uncertain,Medizin Transparent,https://www.medizin-transparent.at/cholesterin-senken-durch-vitamine-und-spurenelemente/
473,Is fasting effective and safe in the long term for arthritis and other diseases?,"Claim: Is fasting effective and safe in the long term for arthritis and other diseases? | Finding: It is unclear whether fasting has lasting positive health effects, for example in rheumatoid arthritis. Conclusive studies are lacking. Intensive research is currently being conducted in this field with its many aspects - better studies are in prospect.",uncertain,Medizin Transparent,https://www.medizin-transparent.at/fasten-darfs-ein-bisserl-weniger-sein/
474,Do green smoothies promote health?,Claim: Do green smoothies promote health? | Finding: There are no studies on green smoothies. Neither about effectiveness nor about possible side effects can be scientifically proven statements.,uncertain,Medizin Transparent,https://www.medizin-transparent.at/gruene-smoothies/
475,Does chocolate have a mood-lifting effect?,"Claim: Does chocolate have a mood-lifting effect? | Finding: Chocolate actually contains many substances that can theoretically influence mood. However, they occur in concentrations that are too low for this. Nevertheless, the sweetness, the expectation and the ""overall package chocolate"" lead under certain circumstances to an - albeit short-term - improvement in mood.",supports,Medizin Transparent,https://www.medizin-transparent.at/macht-schokolade-gluecklich/
476,Do sprouts or buds have a healing effect?,Claim: Do sprouts or buds have a healing effect? | Finding: A healing effect of buds has not been investigated in a single scientific study so far. There is no evidence that ingredients from buds can cure diseases.,uncertain,Medizin Transparent,https://www.medizin-transparent.at/gemmotherapie/
477,Is belly fat or is a large abdominal girth particularly dangerous for health?,"Claim: Is belly fat or is a large abdominal girth particularly dangerous for health? | Finding: Current studies suggest that fat deposits in the abdomen (""visceral fat˝) may increase the risk of premature death. It is possible that individuals with unremarkable body mass index are also at risk. In the coming years, new studies will probably allow a better assessment.",supports,Medizin Transparent,https://www.medizin-transparent.at/bauchfett-ein-umfangreicher-risikofaktor/
478,"Can choline ingested with food - alone or in the form of lecithin, for example - improve memory?","Claim: Can choline ingested with food - alone or in the form of lecithin, for example - improve memory? | Finding: Studies conducted to date provide no clear indication of whether supplemental intake of choline leads to improved memory in healthy people or in people with dementia who are not choline deficient.",uncertain,Medizin Transparent,https://www.medizin-transparent.at/eier-und-lecithin-fur-besseres-gedachtnis/
479,Does white sugar cause cancer?,"Claim: Does white sugar cause cancer? | Finding: Studies on white sugar cannot be found, but a link between sugar in general and cancer has also not been established.",uncertain,Medizin Transparent,https://www.medizin-transparent.at/loest-zucker-krebs-aus/
480,Do wound care products with sodium hypochlorite such as ActiMaris promote the healing process of wounds?,"Claim: Do wound care products with sodium hypochlorite such as ActiMaris promote the healing process of wounds? | Finding: We could not find any high-quality studies that investigated the influence of highly diluted sodium hypochlorite on the healing of chronic wounds. The same applies to fresh wounds and burns. Due to methodological deficiencies, the few existing studies do not allow a statement on efficacy or inefficacy or on possible negative effects of wound care with agents containing sodium hypochlorite.",uncertain,Medizin Transparent,https://www.medizin-transparent.at/natriumhypochlorit/
481,Does the dietary supplement MSM help with osteoarthritis?,"Claim: Does the dietary supplement MSM help with osteoarthritis? | Finding: There are indications of a possible positive effect of MSM in osteoarthritis. However, it is not very well proven to what extent these effects discovered in studies are also noticeable and sustainable in the everyday life of those affected.",supports,Medizin Transparent,https://www.medizin-transparent.at/fragliche-wirkung-von-nahrungsergaenzungsmittel-msm/
482,"Is wheat lectin, which is found in high amounts especially in whole wheat, harmful to health?","Claim: Is wheat lectin, which is found in high amounts especially in whole wheat, harmful to health? | Finding: There are no well-done long-term observations on healthy people from the general population. Therefore, there is a lack of robust data on the benefits and risks of a long-term diet without wheat lectin or whole wheat. However, that a varied diet with whole grains containing lectin protects against some diseases is relatively well established.",refutes,Medizin Transparent,https://www.medizin-transparent.at/weizenlektin/
483,Is it harmful to health to regularly eat large quantities of fish contaminated with dioxins and polychlorinated biphenyls (PCBs)?,"Claim: Is it harmful to health to regularly eat large quantities of fish contaminated with dioxins and polychlorinated biphenyls (PCBs)? | Finding: Salmon and other river and ocean fish often contain traces of toxic dioxins and PCBs. However, too little research has been done to determine whether the amount of these toxins in regular fish consumption is sufficient to endanger health.",uncertain,Medizin Transparent,https://www.medizin-transparent.at/dioxin-gift-im-lachs/
484,Is the DMPS test suitable to reliably indicate mercury poisoning?,"Claim: Is the DMPS test suitable to reliably indicate mercury poisoning? | Finding: There are currently no well-done studies with reliable statements on the subject. So it remains open whether the DMPS test really benefits people who suspect heavy metal poisoning. However, risks of DMPS are known. All in all, this diagnostic tool therefore does not appear to be recommendable.",uncertain,Medizin Transparent,https://www.medizin-transparent.at/quecksilber-ausleiten/
485,Can stevia lower high blood pressure?,"Claim: Can stevia lower high blood pressure? | Finding: With all foods, ""the dose makes the poison"". As a sugar-free sweetener, substances from the stevia plant do not promote tooth decay and have no calories. A medical benefit beyond that may be an effectiveness against high blood pressure.",supports,Medizin Transparent,https://www.medizin-transparent.at/ist-stevia-der-zucker-der-zukunft/
486,Is eating genetically modified corn a health concern?,Claim: Is eating genetically modified corn a health concern? | Finding: Several feeding studies in rats over short periods of time provide no clear indications of a health concern for various genetically modified corn varieties Whether side effects may occur over a longer period of time cannot be answered due to the lack of conclusive long-term studies in humans.,uncertain,Medizin Transparent,https://www.medizin-transparent.at/genmais-hysterie-oder-reale-gefahr/
487,Are privately performed IgG tests to clarify food intolerances meaningful?,Claim: Are privately performed IgG tests to clarify food intolerances meaningful? | Finding: Whether elevated levels of immunoglobulin G in the blood are actually signs of intolerance to certain foods is highly controversial. Studies in which people with intestinal diseases avoid specific foods provide no clear evidence of benefit.,uncertain,Medizin Transparent,https://www.medizin-transparent.at/nahrungsmittelallergie/
488,Is a gluten-free diet recommended for people who do not have celiac disease?,"Claim: Is a gluten-free diet recommended for people who do not have celiac disease? | Finding: There are no well-done studies that have investigated gluten abstinence in people who do not suffer from the autoimmune disease celiac disease. Therefore, there is a lack of reliable data on the possible benefits of a long-term gluten-free diet in the general population. Equally poorly studied are any risks of this form of renunciation, which is so hip at the moment.",uncertain,Medizin Transparent,https://www.medizin-transparent.at/gluten/
489,Does the plant substance nobiletin contained in mandarins protect against weight gain?,"Claim: Does the plant substance nobiletin contained in mandarins protect against weight gain? | Finding: In genetically modified laboratory mice, the additional administration of nobiletin to a high-fat and high-sugar diet appears to be able to prevent obesity. Such an effect has not yet been studied in humans.",uncertain,Medizin Transparent,https://www.medizin-transparent.at/das-marchen-von-der-schlankmacher-mandarine/
490,Does consumption of dairy products in middle and advanced age protect against bone fractures?,Claim: Does consumption of dairy products in middle and advanced age protect against bone fractures? | Finding: Those who are 40 or older and consume a lot of dairy products do not seem to be able to reduce their risk of age-related bone fractures.,refutes,Medizin Transparent,https://www.medizin-transparent.at/milch-knochen/
491,Is the milk of horn-bearing cows less rich in allergens and more easily tolerated by lactose-intolerant individuals?,Claim: Is the milk of horn-bearing cows less rich in allergens and more easily tolerated by lactose-intolerant individuals? | Finding: There is no well-done study that would provide conclusive scientific evidence to support these questions.,uncertain,Medizin Transparent,https://www.medizin-transparent.at/milch-enthornte-kuh/
492,"Does daily flossing protect against tooth decay, periodontitis and tooth loss?","Claim: Does daily flossing protect against tooth decay, periodontitis and tooth loss? | Finding: It is possible that regular flossing of the interdental spaces can help with mild gingivitis. However, there are no good studies that investigate whether this has a preventive effect against inflammation in healthy gums. The effect on the development of plaque is unclear. There are no studies at all on the question of whether flossing leads to fewer cavities, periodontitis or tooth loss.",uncertain,Medizin Transparent,https://www.medizin-transparent.at/zahnseide/
493,Do protein supplements help build muscle?,"Claim: Do protein supplements help build muscle? | Finding: A lot of research is being done in the field. However, the studies often have methodological flaws and contradictory results. It is therefore currently unclear whether and in what form supplemental proteins can help on the way to a six-pack and biceps.",uncertain,Medizin Transparent,https://www.medizin-transparent.at/proteinpulver/
494,Does music therapy promote recovery from severe limitations of consciousness after severe brain injury?,"Claim: Does music therapy promote recovery from severe limitations of consciousness after severe brain injury? | Finding: We have not found any high-quality studies that specifically investigate the effect of music therapy. Some scientists explored the influence of stimulation of the senses, in which acoustic stimuli are also used. However, since these studies followed only a few people over short periods of time and had many methodological problems, they do not allow us to draw any firm conclusions.",uncertain,Medizin Transparent,https://www.medizin-transparent.at/musiktherapie-nach-hirnverletzung/
495,Can eating grapefruit in combination with some medications lead to harmful interactions?,"Claim: Can eating grapefruit in combination with some medications lead to harmful interactions? | Finding: Yes, grapefruits can enhance the effects of some medications. However, the risk, type, and severity of side effects are only partially known, depend on the particular drug, and likely vary from person to person.",supports,Medizin Transparent,https://www.medizin-transparent.at/medikamenten-uberdosis-durch-grapefruit/
496,Can regular consumption of chocolate prevent cardiovascular disease?,"Claim: Can regular consumption of chocolate prevent cardiovascular disease? | Finding: It is possible, but by no means certain, that chocolate could reduce the risk of developing cardiovascular disease such as heart attack or stroke. However, the high proportion of sugar and fat in most types of chocolate could also have negative effects.",supports,Medizin Transparent,https://www.medizin-transparent.at/schokolade-als-medizin-zartschmelzender-mythos-oder-fakt/
497,Is barley grass good for health?,Claim: Is barley grass good for health? | Finding: Only one small study has tested barley grass extract in humans to date. Barley grass juice has not been studied. The foundations are lacking for a reliable statement.,uncertain,Medizin Transparent,https://www.medizin-transparent.at/gerstengras-mastfutter-als-nahrungsergaenzung/
498,Are diets with reduced carbohydrate content better for weight loss than other weight loss programs?,"Claim: Are diets with reduced carbohydrate content better for weight loss than other weight loss programs? | Finding: There is much evidence to suggest that, in the case of obesity, low-carbohydrate diets lead to at least comparable weight loss over one to two years as fat-reduced diets or weight-loss programs with a balanced diet.",refutes,Medizin Transparent,https://www.medizin-transparent.at/low-carb-diaten-fakten-statt-schlagwortern/
499,Does taking probiotics during pregnancy and early life protect children from atopic dermatitis?,"Claim: Does taking probiotics during pregnancy and early life protect children from atopic dermatitis? | Finding: Current studies suggest that the intake of probiotics could counteract the development of atopic dermatitis. However, many questions about efficacy and intake remain unanswered.",supports,Medizin Transparent,https://www.medizin-transparent.at/probiotika-neurodermitis/
500,Is Bulletproof Coffee recommended?,"Claim: Is Bulletproof Coffee recommended? | Finding: Bulletproof coffee is high in caffeine and fat. Is the hip breakfast substitute a kind of fitness potion? Or is it even harmful? Because there have been no studies on this coffee blend with human test subjects, we cannot make any reliable statements.",uncertain,Medizin Transparent,https://www.medizin-transparent.at/fettauge-sei-wachsam-was-kann-bulletproof-coffee/
501,Do apples help with smoking cessation?,Claim: Do apples help with smoking cessation? | Finding: Apples contain numerous ingredients and rightly have the reputation of being a healthy snack. Whether they can help to give up cigarettes has not yet been investigated in studies.,uncertain,Medizin Transparent,https://www.medizin-transparent.at/mit-dem-apfel-zum-nicht-raucher/
502,Do products made from fenugreek seeds help you lose weight?,"Claim: Do products made from fenugreek seeds help you lose weight? | Finding: We found only one study in which participants had not lost weight after six weeks. However, the study period is very short, the number of participants small and the quality mediocre. It therefore remains unclear whether fenugreek seeds can help lose weight in the longer term.",uncertain,Medizin Transparent,https://www.medizin-transparent.at/bockshornklee-samen-abnehmen/
503,Does skipping breakfast increase heart attack risk?,"Claim: Does skipping breakfast increase heart attack risk? | Finding: There is no clear evidence that not eating breakfast could be a cause of obesity and, as a consequence, an increased risk of heart attack. It is possible, however, that it is primarily those people who are overweight and have a higher heart risk who forgo their morning meal.",uncertain,Medizin Transparent,https://www.medizin-transparent.at/herzinfarkt-risiko-bei-fruehstuecksmuffeln/
504,Does wheat make you fat and sick?,Claim: Does wheat make you fat and sick? | Finding: There is no evidence in current studies that wheat has a special connection with obesity and its consequences. Attributing a special role to wheat seems implausible.,uncertain,Medizin Transparent,https://www.medizin-transparent.at/weizen-als-ursprung-aller-krankheiten/
505,Do whole grains lower the likelihood of dying early?,Claim: Do whole grains lower the likelihood of dying early? | Finding: People who eat whole grain products instead of foods made from refined flour are likely to live longer and probably have a lower risk of dying from cancer or cardiovascular disease.,supports,Medizin Transparent,https://www.medizin-transparent.at/vollkorn/
506,"Does the consumption of dairy products promote mucus and diseases of the ear, nose and throat?","Claim: Does the consumption of dairy products promote mucus and diseases of the ear, nose and throat? | Finding: There is no scientific evidence to prove that cow's milk causes mucus.",uncertain,Medizin Transparent,https://www.medizin-transparent.at/milch-verschleimend-und-krankmachend/
507,Does regular consumption of energy drinks harm heart health?,Claim: Does regular consumption of energy drinks harm heart health? | Finding: This question is insufficiently researched. Larger studies over a longer period of time are needed to assess the heart risk from energy drinks.,uncertain,Medizin Transparent,https://www.medizin-transparent.at/energydrinks-gefaehrlich-oder-harmlos/
508,Do light drinks promote obesity?,"Claim: Do light drinks promote obesity? | Finding: Several cohort studies show that people who frequently drink light drinks are more likely to be overweight. However, this does not prove that sweetener drinks make you fat. For it is equally conceivable that overweight people try to lose weight with light drinks. Whether they are successful in doing so is unclear.",uncertain,Medizin Transparent,https://www.medizin-transparent.at/machen-light-getraenke-dick/
509,Does coffee reduce the risk of dementia?,Claim: Does coffee reduce the risk of dementia? | Finding: One to two cups of coffee a day may protect against mental decline in the long term. It should not be more than that. It is unclear where this effect comes from and whether other caffeinated beverages might also be protective.,supports,Medizin Transparent,https://www.medizin-transparent.at/verringert-kaffee-das-risiko-an-alzheimer-zu-erkranken/
510,Does sugar consumption increase the risk of developing type 2 diabetes regardless of obesity?,"Claim: Does sugar consumption increase the risk of developing type 2 diabetes regardless of obesity? | Finding: Sugar-containing soft drinks can - if consumed regularly - cause obesity. Obesity, in turn, increases the likelihood of developing type 2 diabetes. However, sugared soft drinks probably also increase the risk of diabetes independently of obesity.",supports,Medizin Transparent,https://www.medizin-transparent.at/macht-zucker-zuckerkrank/
511,Does a lower salt diet reduce the likelihood of cardiovascular disease?,"Claim: Does a lower salt diet reduce the likelihood of cardiovascular disease? | Finding: A lower-salt diet has been shown to help reduce elevated blood pressure somewhat. It is possible, but not certain, that this reduces the likelihood of dying from a stroke or the consequences of narrowed heart vessels, such as a heart attack.",supports,Medizin Transparent,https://www.medizin-transparent.at/salz-als-blutdruck-treiber/
512,Is less eaten from red plates?,"Claim: Is less eaten from red plates? | Finding: In two psychological experiments, participants were less likely to eat salty pretzels, popcorn or chocolate chips if they were served on red plates. It is unclear whether the effect lasts over a longer period of time.",supports,Medizin Transparent,https://www.medizin-transparent.at/rote-teller-abnehmen/
513,Does red wine protect better against cardiovascular disease than white wine?,"Claim: Does red wine protect better against cardiovascular disease than white wine? | Finding: There is evidence that moderate amounts of alcohol may protect against cardiovascular disease, but the effect is not well established. Whether this possibly protective effect is stronger with red wine than with white wine or other alcoholic beverages has not been sufficiently investigated.",uncertain,Medizin Transparent,https://www.medizin-transparent.at/rotwein-als-gesundheitselixier/
514,Do azo food dyes cause attention deficit disorder and hyperactivity in children?,Claim: Do azo food dyes cause attention deficit disorder and hyperactivity in children? | Finding: Some studies fuel the suspicion that azo dyes can exacerbate ADHD symptoms.,supports,Medizin Transparent,https://www.medizin-transparent.at/azo-farbstoffe/
515,Does turmeric prevent or cure cancer?,Claim: Does turmeric prevent or cure cancer? | Finding: Animal studies provide tentative evidence that turmeric can prevent or treat cancer. Whether turmeric has such an effect in humans cannot be assessed due to the low confidence level of a few studies conducted to date.,uncertain,Medizin Transparent,https://www.medizin-transparent.at/curry-gewurz-gegen-krebs/
516,Does breastfeeding reduce the risk of sudden infant death syndrome?,"Claim: Does breastfeeding reduce the risk of sudden infant death syndrome? | Finding: Breastfeeding can possibly reduce the risk of sudden infant death syndrome, but this is not entirely certain. Other factors can also reduce the risk.",supports,Medizin Transparent,https://www.medizin-transparent.at/stillen-vermindert-risiko-fur-plotzlichen-kindstod/
517,"Do boron preparations such as borax, boric acid, or calcium fructoborate relieve pain associated with age-related joint wear (osteoarthritis)?","Claim: Do boron preparations such as borax, boric acid, or calcium fructoborate relieve pain associated with age-related joint wear (osteoarthritis)? | Finding: The few studies on this are of poor quality and therefore not trustworthy. Moreover, there is no evidence that the human body needs boron at all.",uncertain,Medizin Transparent,https://www.medizin-transparent.at/borax-das-gesundheitsschaedliche-heilmittel/
518,Can glutamate in food cause intolerance symptoms?,"Claim: Can glutamate in food cause intolerance symptoms? | Finding: There is no conclusive evidence that the consumption of glutamate triggers complaints. However, since studies conducted to date have shown deficiencies, it cannot be ruled out that there are isolated individuals who react sensitively to large amounts of glutamate.",uncertain,Medizin Transparent,https://www.medizin-transparent.at/kein-hinweis-auf-glutamat-unvertraglichkeit/
519,Does the Orthopulse device accelerate the orthodontic correction of malocclusions?,Claim: Does the Orthopulse device accelerate the orthodontic correction of malocclusions? | Finding: Poorly done studies show that the device can accelerate tooth movement in the short term. Whether this reduces the overall treatment time has not yet been sufficiently proven. The methodological weaknesses of the studies also mean that the results are not very credible. Possible side effects have not yet been sufficiently investigated.,uncertain,Medizin Transparent,https://www.medizin-transparent.at/infrarot-zahnspange/
520,Is it harmful for the mental development of the unborn child if the mother regularly eats fish contaminated with mercury during pregnancy?,"Claim: Is it harmful for the mental development of the unborn child if the mother regularly eats fish contaminated with mercury during pregnancy? | Finding: Many commercially available types of edible fish are contaminated with traces of methyl mercury. There are indications that regular consumption of such mercury-containing fish during pregnancy can impair the brain development of unborn children and thus their later mental abilities. In contrast, consumption of fish low in mercury could promote brain development in the unborn.",supports,Medizin Transparent,https://www.medizin-transparent.at/quecksilber-fisch/
521,Can the consumption of caffeine during pregnancy harm the unborn child?,Claim: Can the consumption of caffeine during pregnancy harm the unborn child? | Finding: There is insufficient evidence that moderate consumption of caffeinated beverages would have a negative impact on the child's development. Up to three cups of coffee a day does not appear to reduce the child's birth weight. Very large amounts of caffeine-containing beverages could possibly contribute to lower birth weight.,uncertain,Medizin Transparent,https://www.medizin-transparent.at/kaffee-fuer-schwangere-verboten/
522,Are vegetables prepared in a microwave oven less healthy than those prepared in other ways?,"Claim: Are vegetables prepared in a microwave oven less healthy than those prepared in other ways? | Finding: How vegetables change during preparation is extremely variable. With any type of heating, ingredients can be lost or become more easily accessible. In sum, it cannot be said that preparation in the microwave is always a bad choice.",refutes,Medizin Transparent,https://www.medizin-transparent.at/der-bose-mikrowellenherd/
523,Can garlic extract reduce high blood pressure and thus the risk of cardiovascular disease?,"Claim: Can garlic extract reduce high blood pressure and thus the risk of cardiovascular disease? | Finding: Studies to date provide tentative evidence of a blood pressure-lowering effect of garlic. However, they are of too low quality to be able to prove a reduction in the risk of cardiovascular disease as a result of high blood pressure.",uncertain,Medizin Transparent,https://www.medizin-transparent.at/knoblauchextrakt-gegen-hohen-blutdruck/
524,Can fructose damage the liver?,Claim: Can fructose damage the liver? | Finding: There is no conclusive evidence for a possible liver-damaging effect of fructose.,uncertain,Medizin Transparent,https://www.medizin-transparent.at/fruchtzucker-fructose-leber/
525,Can green tea affect the likelihood of dying early and reduce the risk of cardiovascular disease?,"Claim: Can green tea affect the likelihood of dying early and reduce the risk of cardiovascular disease? | Finding: There is a lack of conclusive studies on the health effects of specific matcha. However, there is some evidence that green tea in general may reduce the likelihood of dying prematurely, especially from cardiovascular disease.",supports,Medizin Transparent,https://www.medizin-transparent.at/gruentee-matcha-gesund/
526,Is matcha tea particularly healthy?,"Claim: Is matcha tea particularly healthy? | Finding: There is a lack of conclusive studies on the health effects of specific matcha. However, there is some evidence that green tea in general may reduce the likelihood of dying prematurely, especially from cardiovascular disease.",uncertain,Medizin Transparent,https://www.medizin-transparent.at/gruentee-matcha-gesund/
527,Can acupuncture prevent migraines and tension headaches?,"Claim: Can acupuncture prevent migraines and tension headaches? | Finding: In the case of migraine, the preventive effect of acupuncture is probably similar to that of prophylactic medication. However, for both migraine and tension headaches, acupuncture performs only slightly better than sham acupuncture. Whether the pricking of traditional acupuncture points plays a role is unclear.",supports,Medizin Transparent,https://www.medizin-transparent.at/akupunktur-den-kopfschmerz-ausstechen/
528,Can green tea reduce the likelihood of dying from cancer ?,Claim: Can green tea reduce the likelihood of dying from cancer ? | Finding: The results of previous studies suggest that green tea cannot reduce the risk of dying from cancer.,refutes,Medizin Transparent,https://www.medizin-transparent.at/anti-krebs-wirkung-von-grunem-tee-unbelegt/
529,Can plant sterols or foods with them reduce the risk of cardiovascular disease?,"Claim: Can plant sterols or foods with them reduce the risk of cardiovascular disease? | Finding: Plant sterols do lower cholesterol levels. However, whether they also reduce the risk of cardiovascular disease has not been researched. Animal studies even provide evidence that plant sterols in large quantities could increase the risk of cardiovascular disease. Whether this also applies to humans has not been investigated.",uncertain,Medizin Transparent,https://www.medizin-transparent.at/risiko-durch-cholesterin-senkende-margarine/
530,Can too much iodine cause autoimmune thyroid disease and consequently hypothyroidism?,Claim: Can too much iodine cause autoimmune thyroid disease and consequently hypothyroidism? | Finding: Autoimmune thyroid disease appears to occur more frequently in individuals with high iodine consumption. Whether high levels of iodine actually cause this disease has not been conclusively determined.,supports,Medizin Transparent,https://www.medizin-transparent.at/jod-im-salz/
531,Is the sweetener aspartame harmful to health?,"Claim: Is the sweetener aspartame harmful to health? | Finding: Health damage from aspartame is unlikely. This also applies to people who consume aspartame-sweetened foods and beverages in large quantities over a long period of time. However, in people suffering from the hereditary disease phenylketonuria (PKU), aspartame can cause nerve and brain damage.",refutes,Medizin Transparent,https://www.medizin-transparent.at/aspartam-suesses-gift-oder-harmlos/
532,Does coffee affect cancer death risk?,Claim: Does coffee affect cancer death risk? | Finding: Current evidence suggests that coffee consumption in general is neither protective nor detrimental to cancer death risk.,refutes,Medizin Transparent,https://www.medizin-transparent.at/kaffee-krebs/
533,Do diets with primarily or exclusively uncooked foods have health benefits?,"Claim: Do diets with primarily or exclusively uncooked foods have health benefits? | Finding: In studies, we have not been able to find convincing evidence that raw foods provide health benefits over healthy diets that include cooked foods. On the contrary, there is also evidence of possible harm.",uncertain,Medizin Transparent,https://www.medizin-transparent.at/rohkost/
534,Can increased water consumption prevent migraines or other headaches?,"Claim: Can increased water consumption prevent migraines or other headaches? | Finding: Whether drinking more water can prevent headaches cannot be answered satisfactorily on the basis of studies conducted to date. If there is an effect, however, it is likely to be very small.",uncertain,Medizin Transparent,https://www.medizin-transparent.at/wasser-trinken-kopfschmerzen/
535,"Offer the following herbal appetite suppressants effective and safe weight loss support:
Devil's Tongue (Konjac Root), Caralluma fimbriata, Garcinia cambogia, Gymnea sylvestre, Ephedra, Irvinia gabonensis, Fenugreek, Hoodia gordonii, Common Bean, Bitter Orange?","Claim: Offer the following herbal appetite suppressants effective and safe weight loss support:
Devil's Tongue (Konjac Root), Caralluma fimbriata, Garcinia cambogia, Gymnea sylvestre, Ephedra, Irvinia gabonensis, Fenugreek, Hoodia gordonii, Common Bean, Bitter Orange? | Finding: Due to the number of studies, it is unclear for a number of supposedly appetite-suppressing dietary supplements whether they can support successful weight loss. Well-done studies that run over a long period of time with a sufficient number of test subjects are scarce. Evidence for long-term safety and simultaneous efficacy is therefore lacking.",uncertain,Medizin Transparent,https://www.medizin-transparent.at/abnehmen-pflanzliche-appetitzuegler/
536,Are there health benefits to screening the general population for chronic obstructive pulmonary disease (COPD) as a precaution?,Claim: Are there health benefits to screening the general population for chronic obstructive pulmonary disease (COPD) as a precaution? | Finding: Even people with moderately severe COPD may have little health benefit from starting treatment as early as possible. People without symptoms who are diagnosed with COPD only as a result of a screening test are therefore unlikely to gain much health benefit from drug treatment.,refutes,Medizin Transparent,https://www.medizin-transparent.at/copd/
537,Can cow's milk cause iron deficiency in babies in the first year of life?,"Claim: Can cow's milk cause iron deficiency in babies in the first year of life? | Finding: Cow's milk is low in usable iron. Therefore, cow's milk appears to increase the likelihood of iron deficiency in the blood of babies. It is unclear whether animal milk increases the risk of type 1 diabetes or blood in the stool, or reduces the likelihood of allergic diseases.",supports,Medizin Transparent,https://www.medizin-transparent.at/ist-kuhmilch-gesund-fuer-babys/
538,Does cow's milk for babies have other health disadvantages??,"Claim: Does cow's milk for babies have other health disadvantages?? | Finding: Cow's milk is low in usable iron. Therefore, cow's milk appears to increase the likelihood of iron deficiency in the blood of babies. It is unclear whether animal milk increases the risk of type 1 diabetes or blood in the stool, or reduces the likelihood of allergic diseases.",uncertain,Medizin Transparent,https://www.medizin-transparent.at/ist-kuhmilch-gesund-fuer-babys/
539,Does drinking breast milk as a baby have a positive effect on later health and development?,"Claim: Does drinking breast milk as a baby have a positive effect on later health and development? | Finding: It is possible that children who have been exclusively breastfed for a long time are somewhat less likely to become overweight later on. There is also evidence that their IQ is slightly higher. However, it is difficult to isolate the influence of breast milk drinking. Therefore, it is questionable what significance the effects found have in practice.",supports,Medizin Transparent,https://www.medizin-transparent.at/langzeit-schutzeffekt-von-muttermilch/
540,Does Almased help with excess weight better than other diets?,"Claim: Does Almased help with excess weight better than other diets? | Finding: Those who reduce their calorie intake with the help of Almased lose weight. However, whether the product facilitates a diet or works better than other diets is not sufficiently studied.",uncertain,Medizin Transparent,https://www.medizin-transparent.at/abnehmen-mit-almased/
541,"Do products with talc, such as baby powder, increase the risk of ovarian cancer?","Claim: Do products with talc, such as baby powder, increase the risk of ovarian cancer? | Finding: Basically, cohort studies are more informative than case-control studies. The two existing large cohort studies speak against an increased risk, almost all case-control studies for an increased risk. In order not to underestimate a possible risk, we assess the study situation as unclear despite the cohort studies.",uncertain,Medizin Transparent,https://www.medizin-transparent.at/talkum-krebs/
542,"Do large portions, large plates or glasses, and larger packaging cause us to eat and drink more?","Claim: Do large portions, large plates or glasses, and larger packaging cause us to eat and drink more? | Finding: The results of previous studies show that people generally seem to eat more and drink more (non-alcoholic) beverages when they are served larger portions. Whether smaller portions prevent obesity in the long term, however, has not been researched.",supports,Medizin Transparent,https://www.medizin-transparent.at/grosse-portionen/
543,Does taking coconut oil improve mental abilities in dementia like Alzheimer's disease?,Claim: Does taking coconut oil improve mental abilities in dementia like Alzheimer's disease? | Finding: We could find only one clinical study on the use of coconut oil in Alzheimer's disease. This was of such poor quality that no firm statement is possible.,uncertain,Medizin Transparent,https://www.medizin-transparent.at/kokosoel-alzheimer/
544,"Does the preparation ""CAPS immu"" from Ringana reduce the risk of infections in healthy people?","Claim: Does the preparation ""CAPS immu"" from Ringana reduce the risk of infections in healthy people? | Finding: Neither for the preparation itself nor for the individual components has such an effect been proven in clinical studies according to our research.",uncertain,Medizin Transparent,https://www.medizin-transparent.at/ringana-immunssystem/
545,Do extracts from grape seeds have a health-promoting effect?,Claim: Do extracts from grape seeds have a health-promoting effect? | Finding: The quality of studies available to date is too poor and the results are too contradictory to assess whether grape seed extract has a health-promoting effect.,uncertain,Medizin Transparent,https://www.medizin-transparent.at/traubenkernextrakt-opc/
546,Is the administration of magnesium through the skin effective?,"Claim: Is the administration of magnesium through the skin effective? | Finding: There are no well-done studies on this subject. Therefore, we lack reliable information as to whether or in what form magnesium can possibly penetrate the skin and then also have a (desired) effect.",uncertain,Medizin Transparent,https://www.medizin-transparent.at/geht-magnesium-durch-die-haut/
547,Do kava kava supplements help with anxiety disorders?,"Claim: Do kava kava supplements help with anxiety disorders? | Finding: The fact that kava kava may slightly alleviate symptoms of an anxiety disorder is only weakly supported by studies. In addition, several cases of severe liver damage from preparations made from it are known in Europe and the USA.",supports,Medizin Transparent,https://www.medizin-transparent.at/kava-kava/
548,Do ultrasound devices help against dust mites?,"Claim: Do ultrasound devices help against dust mites? | Finding: Only dubiously published studies exist, the quality and significance of which cannot be assessed. Consequently, the effectiveness of the ultrasound devices is unclear.",uncertain,Medizin Transparent,https://www.medizin-transparent.at/mit-ultraschall-gegen-hausstaubmilben/
549,"Does the risk of food allergy decrease if babies are fed potentially allergenic foods (cow's milk, peanuts, chicken egg) as late as possible for the first time?","Claim: Does the risk of food allergy decrease if babies are fed potentially allergenic foods (cow's milk, peanuts, chicken egg) as late as possible for the first time? | Finding: in none of the clinical studies to date has the risk of food allergy decreased by feeding these foods as late as possible. Whether early supplementary feeding can reduce the risk is less clear, but possible at least for peanut allergy. For fish, sesame and wheat, there is only one study, the results of which need to be confirmed in further studies.",refutes,Medizin Transparent,https://www.medizin-transparent.at/nahrungsmittelallergie-vermeiden/
550,"for fish, sesame, wheat?","Claim: for fish, sesame, wheat? | Finding: in none of the clinical studies to date has the risk of food allergy decreased by feeding these foods as late as possible. Whether early supplementary feeding can reduce the risk is less clear, but possible at least for peanut allergy. For fish, sesame and wheat, there is only one study, the results of which need to be confirmed in further studies.",refutes,Medizin Transparent,https://www.medizin-transparent.at/nahrungsmittelallergie-vermeiden/
551,"Can willow bark tea help with inflammation, pain or fever?","Claim: Can willow bark tea help with inflammation, pain or fever? | Finding: Significant, well-conducted studies are lacking on the effects of willow bark tea on pain, inflammation, or fever.",uncertain,Medizin Transparent,https://www.medizin-transparent.at/weidenrindentee-alternative-zu-aspirin/
552,"Can a supposedly ""high acid"" diet weaken bones?","Claim: Can a supposedly ""high acid"" diet weaken bones? | Finding: It is not likely that a supposedly ""acid-rich"" diet weakens the bones. There are no scientific studies on the effect on other diseases.",refutes,Medizin Transparent,https://www.medizin-transparent.at/basenfasten-die-kur-fur-ihre-geldborse/
553,"Does a supposedly ""alkaline-rich"" diet prevent chronic diseases?","Claim: Does a supposedly ""alkaline-rich"" diet prevent chronic diseases? | Finding: It is not likely that a supposedly ""acid-rich"" diet weakens the bones. There are no scientific studies on the effect on other diseases.",uncertain,Medizin Transparent,https://www.medizin-transparent.at/basenfasten-die-kur-fur-ihre-geldborse/
554,Can a blood test detect mental illness?,"Claim: Can a blood test detect mental illness? | Finding: Stress can certainly affect blood values, but conversely, we are not aware of any blood test that is actually useful for diagnosing mental illness.",uncertain,Medizin Transparent,https://www.medizin-transparent.at/bluttest-fuer-die-psyche/
555,Is surgery for an anterior cruciate ligament tear (by replacing the broken anterior cruciate ligament with tendon tissue from another part of the leg) followed by physical therapy better than physical therapy alone?,"Claim: Is surgery for an anterior cruciate ligament tear (by replacing the broken anterior cruciate ligament with tendon tissue from another part of the leg) followed by physical therapy better than physical therapy alone? | Finding: No differences are found between the two treatment methods after either two or five years. However, this should be viewed with great caution. In a study on this, many patients in the group with physiotherapy had surgery after all within the next five years.",refutes,Medizin Transparent,https://www.medizin-transparent.at/kreuzbandriss-op/
556,Can motherwort reduce migraine attacks?,"Claim: Can motherwort reduce migraine attacks? | Finding: The existing studies differ greatly in their methods and the results are sometimes contradictory. According to the study with the most participants, motherwort can slightly reduce the number of migraine attacks per month.",supports,Medizin Transparent,https://www.medizin-transparent.at/mit-mutterkraut-gegen-migraene/
557,Does metal in bed disturb sleep?,"Claim: Does metal in bed disturb sleep? | Finding: Again and again consumers hear that bedsteads made of certain metals or with metal parts are harmful to health. But scientific studies on this are lacking. For this reason, we cannot say whether metal beds change the electrosmog exposure and thus perhaps even have a negative impact on health. From today's point of view, however, a clear danger does not seem particularly likely.",uncertain,Medizin Transparent,https://www.medizin-transparent.at/elektrosmog-besser-schlafen-ohne-metall/
558,Does heat treatment (radiofrequency ablation or radiofrequency heat ablation of benign nodules of the thyroid gland work as well as conventional surgical methods?,Claim: Does heat treatment (radiofrequency ablation or radiofrequency heat ablation of benign nodules of the thyroid gland work as well as conventional surgical methods? | Finding: It is currently not clear whether this method achieves the same success as conventional surgical methods. The quality of the studies found is poor and leaves many questions about the effectiveness of the method unanswered. Possible undesirable side effects and long-term consequences are also unknown.,uncertain,Medizin Transparent,https://www.medizin-transparent.at/schilddruesen-tumoren-einheizen/
559,Does Imunoglukan strengthen the immune system?,"Claim: Does Imunoglukan strengthen the immune system? | Finding: There are no studies that attest to Imunoglukan having a specific effect on a specific disease, nor any that confirm a general immune-boosting effect. The existing studies have glaring deficiencies.",uncertain,Medizin Transparent,https://www.medizin-transparent.at/pilz-power-fuer-das-immunsystem/
560,Do cell phones promote the development and growth of tumors in the head?,"Claim: Do cell phones promote the development and growth of tumors in the head? | Finding: Despite intensive research, it is currently still unclear whether cell phones promote tumor diseases. According to current knowledge, the risk increases only minimally, if at all.",uncertain,Medizin Transparent,https://www.medizin-transparent.at/krebs-durch-handys/
561,Does wearing bras promote breast cancer risk?,"Claim: Does wearing bras promote breast cancer risk? | Finding: The extent to which wearing bras affects breast cancer risk is poorly understood. So far, results of case-control studies tend to argue against a risk from bras, and there is no serious evidence that bras increase the risk.",uncertain,Medizin Transparent,https://www.medizin-transparent.at/brustkrebs-dank-buestenhaltern/
562,Are tattoo inks harmful to health?,Claim: Are tattoo inks harmful to health? | Finding: Many tattoo inks contain substances that are harmful to health. Which colors can be used for tattoos without health concerns is unclear. There are no studies that investigate the risk.,uncertain,Medizin Transparent,https://www.medizin-transparent.at/tattoo-farben-als-gesundheitsrisiko/
563,Do plant hormones (phytoestrogens) other than genistein reduce the number and intensity of hot flashes during menopause?,"Claim: Do plant hormones (phytoestrogens) other than genistein reduce the number and intensity of hot flashes during menopause? | Finding: It is unclear whether phytoestrogens can help with hot flashes. Studies on this topic are often of modest quality; usually a comparison of the data is not possible. Therefore, an overall judgment cannot be made. One exception is the phytoestrogen genistein. There are indications that this plant substance in higher doses may be able to reduce the number of daily hot flashes a little.",uncertain,Medizin Transparent,https://www.medizin-transparent.at/phytohormone-wechselbeschwerden/
564,Does the herbal hormone genistein reduce the number and intensity of hot flashes during menopause???,"Claim: Does the herbal hormone genistein reduce the number and intensity of hot flashes during menopause??? | Finding: It is unclear whether phytoestrogens can help with hot flashes. Studies on this topic are often of modest quality; usually a comparison of the data is not possible. Therefore, an overall judgment cannot be made. One exception is the phytoestrogen genistein. There are indications that this plant substance in higher doses may be able to reduce the number of daily hot flashes a little.",supports,Medizin Transparent,https://www.medizin-transparent.at/phytohormone-wechselbeschwerden/
565,Does bloodletting according to Hildegard von Bingen have health benefits?,"Claim: Does bloodletting according to Hildegard von Bingen have health benefits? | Finding: Traditional bloodletting is based on ideas that have long been disproved and is not the subject of studies. However, in the case of very specific blood diseases, bloodletting is also used in scientific medicine.",uncertain,Medizin Transparent,https://www.medizin-transparent.at/aderlass-nach-hildegard-von-bingen/
566,Can FGXpress Power Strips reduce pain or improve wound healing?,Claim: Can FGXpress Power Strips reduce pain or improve wound healing? | Finding: We could not find a single study on these patches - nor any reason to assume that they are effective.,uncertain,Medizin Transparent,https://www.medizin-transparent.at/fgxpress-power-strips-das-naechste-wunder-pflaster/
567,Does treatment according to the fascial distortion model help with chronic shoulder pain?,"Claim: Does treatment according to the fascial distortion model help with chronic shoulder pain? | Finding: Currently, there is only one randomized controlled trial of this type of therapy. It suggests that fascia therapy may help with some shoulder conditions.",supports,Medizin Transparent,https://www.medizin-transparent.at/die-weite-welt-der-faszientherapie/
568,Are there effective alternatives to the breathing mask (CPAP) for sleep apnea?,"Claim: Are there effective alternatives to the breathing mask (CPAP) for sleep apnea? | Finding: Although numerous other forms of treatment are available, some of them are too little researched or are clearly inferior to the standard therapy with CPAP.",refutes,Medizin Transparent,https://www.medizin-transparent.at/schlafapnoe-ein-leben-lang-mit-maske-schlafen/
569,Does closure of the foramen ovale prevent further strokes in people who have had a stroke of unknown cause?,"Claim: Does closure of the foramen ovale prevent further strokes in people who have had a stroke of unknown cause? | Finding: According to three large studies, closure of the patent foramen ovale can prevent another stroke better than purely drug treatment can.",supports,Medizin Transparent,https://www.medizin-transparent.at/foramen-ovale/
570,Does stimulation current therapy (TENS - Transcutaneous Electrical Nerve Stimulation) help with worn knee joints (knee osteoarthritis)?,"Claim: Does stimulation current therapy (TENS - Transcutaneous Electrical Nerve Stimulation) help with worn knee joints (knee osteoarthritis)? | Finding: Whether TENS treatments can improve pain associated with knee osteoarthritis is unclear. In any case, it does not seem to be able to improve restrictions in everyday movements.",uncertain,Medizin Transparent,https://www.medizin-transparent.at/tens-arthrose-knie/
571,Does taking magnesium salts decrease the frequency and intensity of muscle cramps with unknown cause?,"Claim: Does taking magnesium salts decrease the frequency and intensity of muscle cramps with unknown cause? | Finding: No high-quality studies have been found on the efficacy of magnesium salts for exercise-induced muscle cramps, such as in athletes. For leg muscle cramps without an identifiable cause, researchers have been unable to demonstrate any effect of magnesium beyond placebo in studies. Pregnant women may benefit from magnesium supplements, but this evidence is not very robust.",refutes,Medizin Transparent,https://www.medizin-transparent.at/magnesium-gegen-muskelkraempfe/
572,Does taking magnesium salts reduce the frequency and intensity of exercise-induced muscle cramps during sports?,"Claim: Does taking magnesium salts reduce the frequency and intensity of exercise-induced muscle cramps during sports? | Finding: No high-quality studies have been found on the efficacy of magnesium salts for exercise-induced muscle cramps, such as in athletes. For leg muscle cramps without an identifiable cause, researchers have been unable to demonstrate any effect of magnesium beyond placebo in studies. Pregnant women may benefit from magnesium supplements, but this evidence is not very robust.",uncertain,Medizin Transparent,https://www.medizin-transparent.at/magnesium-gegen-muskelkraempfe/
573,Does taking magnesium salts reduce the frequency and intensity of muscle cramps in pregnancy?,"Claim: Does taking magnesium salts reduce the frequency and intensity of muscle cramps in pregnancy? | Finding: No high-quality studies have been found on the efficacy of magnesium salts for exercise-induced muscle cramps, such as in athletes. For leg muscle cramps without an identifiable cause, researchers have been unable to demonstrate any effect of magnesium beyond placebo in studies. Pregnant women may benefit from magnesium supplements, but this evidence is not very robust.",supports,Medizin Transparent,https://www.medizin-transparent.at/magnesium-gegen-muskelkraempfe/
574,Does the active ingredient rivaroxaban (drug Xarelto) have a higher risk of dangerous bleeding than other anticoagulants?,"Claim: Does the active ingredient rivaroxaban (drug Xarelto) have a higher risk of dangerous bleeding than other anticoagulants? | Finding: High-quality studies in the most common uses of rivaroxaban show either an equal or even lower risk of bleeding than other blood-clotting medications. However, this does not mean it is the best choice in all cases. Research is still needed for bleeding in the stomach or intestines.",refutes,Medizin Transparent,https://www.medizin-transparent.at/gefaehrliche-gerinnungshemmer/
575,Does vitamin D protect against dementia or memory loss?,Claim: Does vitamin D protect against dementia or memory loss? | Finding: Some studies suggest a possible connection between the vitamin D concentration in the blood and a deteriorating memory or dementia.  Whether vitamin D actually protects against memory deterioration or dementia remains open.,uncertain,Medizin Transparent,https://www.medizin-transparent.at/vitamin-d-demenz/
576,Does brain training boost intelligence?,"Claim: Does brain training boost intelligence? | Finding: There are many ways of brain training, but no evidence that it can improve intelligence. The most research in science is about a specific training of the ""working memory"", here the studies speak against a general improvement of intelligence.",refutes,Medizin Transparent,https://www.medizin-transparent.at/mehr-intelligenz-durch-gehirntraining/
577,Does petroleum help against cancer?,"Claim: Does petroleum help against cancer? | Finding: This rather absurd assumption has not been tested in studies. Since petroleum is more likely to pose a health hazard, such studies are also not conducted.",uncertain,Medizin Transparent,https://www.medizin-transparent.at/petroleum-gegen-krebs/
578,Does lavender scent help with sleep disorders?,"Claim: Does lavender scent help with sleep disorders? | Finding: Based on the state of studies, it is unclear whether inhaling lavender aroma can help with sleep disorders. Most of the currently available studies have gross methodological flaws. In addition, it is uncertain what undesirable side effects may result from (long-term) inhalation of lavender aroma.",uncertain,Medizin Transparent,https://www.medizin-transparent.at/lavendel-schlaf/
579,Does the drug Sovaldi (sofosbuvir) enable high cure rates for chronic hepatitis C?,"Claim: Does the drug Sovaldi (sofosbuvir) enable high cure rates for chronic hepatitis C? | Finding: Yes, in combination with drugs that have been available for some time, cure rates of over 90 percent are possible with sofosbuvir. However, there are many different patient groups, and success rates are not the same for all.",supports,Medizin Transparent,https://www.medizin-transparent.at/durchbruch-bei-der-behandlung-von-chronischer-hepatitis-c/
580,Does alpha lipoic acid help prevent or treat Alzheimer's disease?,Claim: Does alpha lipoic acid help prevent or treat Alzheimer's disease? | Finding: It remains to be seen whether alpha lipoic acid can help prevent or delay the onset of Alzheimer's disease. There is also a lack of conclusive studies on the question of the extent to which the substance can favorably influence the course of a disease that has already broken out.,uncertain,Medizin Transparent,https://www.medizin-transparent.at/alzheimer-liponsaeure/
581,Are Vemma products good for health?,"Claim: Are Vemma products good for health? | Finding: We have found only one study that investigates health effects of Vemma. However, the study is so flawed that it does not allow us to draw any conclusions.",uncertain,Medizin Transparent,https://www.medizin-transparent.at/das-vemma-dilemma/
582,Do over-the-counter cough medicines relieve cough symptoms?,Claim: Do over-the-counter cough medicines relieve cough symptoms? | Finding: That over-the-counter cough medicines provide relief from acute cough is neither proven nor disproven - there are simply no studies of sufficient quality to answer this question.,uncertain,Medizin Transparent,https://www.medizin-transparent.at/hustensaft-rezeptfrei-und-ohne-wirkung/
583,Does a diet rich in vitamin K2 protect against diseases of the cardiovascular system?,"Claim: Does a diet rich in vitamin K2 protect against diseases of the cardiovascular system? | Finding: While there are some studies that suggest a possible link between vitamin K2-rich diets and higher vascular health. However, the studies are not very conclusive.",uncertain,Medizin Transparent,https://www.medizin-transparent.at/vitamin-k2-schutz-fuer-die-gefaesse/
584,Can shoe insoles relieve pain in people with high arches?,"Claim: Can shoe insoles relieve pain in people with high arches? | Finding: Shoe insoles are often prescribed for foot malpositions. However, there are hardly any good studies on the effectiveness of these remedies. So for the time being, it remains largely unclear what orthopedic shoe insoles can do for people with foot malpositions and whether they relieve pain in the long term.",supports,Medizin Transparent,https://www.medizin-transparent.at/schwacher-auftritt-nutzen-von-schuheinlagen-oft-ungewiss/
585,Can shoe insoles relieve pain in people with foot deformities other than high arch?,"Claim: Can shoe insoles relieve pain in people with foot deformities other than high arch? | Finding: Shoe insoles are often prescribed for foot malpositions. However, there are hardly any good studies on the effectiveness of these remedies. So for the time being, it remains largely unclear what orthopedic shoe insoles can do for people with foot malpositions and whether they relieve pain in the long term.",uncertain,Medizin Transparent,https://www.medizin-transparent.at/schwacher-auftritt-nutzen-von-schuheinlagen-oft-ungewiss/
586,Can dowsers find harmful soil zones or water veins?,Claim: Can dowsers find harmful soil zones or water veins? | Finding: Small studies show that dowsing rods cannot detect water veins or hypothetical interference zones in the ground.,refutes,Medizin Transparent,https://www.medizin-transparent.at/wuenschelruten/
587,Does bioresonance therapy help with health complaints?,"Claim: Does bioresonance therapy help with health complaints? | Finding: Good studies on the question are hard to find. Due to the lack of proof of efficacy, the risk of misdiagnosis and the lack of plausibility, professional associations have been warning against bioresonance for some time.",refutes,Medizin Transparent,https://www.medizin-transparent.at/ist-bioresonanz-mehr-als-esoterische-stromvergeudung/
588,Do irradiations with cold red light help with chronic gingivitis?,Claim: Do irradiations with cold red light help with chronic gingivitis? | Finding: Previous studies indicate that chronic gingivitis and inflammation after dental surgery do not improve with irradiation with cold red light.,refutes,Medizin Transparent,https://www.medizin-transparent.at/rotlicht-als-heilendes-wundermittel/
589,Does the Aspire system help you lose weight?,"Claim: Does the Aspire system help you lose weight? | Finding: Although there is only one small study on this, it shows a very large effect - which indicates that it is effective.",supports,Medizin Transparent,https://www.medizin-transparent.at/abnehmen-mit-der-magenpumpe/
590,Can FLEXISEQ ointment relieve osteoarthritis pain?,Claim: Can FLEXISEQ ointment relieve osteoarthritis pain? | Finding: Comparisons to date with other commonly used treatments are difficult to interpret but do not yield clear evidence of efficacy.,uncertain,Medizin Transparent,https://www.medizin-transparent.at/neues-im-kampf-gegen-arthrose/
591,Can butterbur prevent migraine attacks?,"Claim: Can butterbur prevent migraine attacks? | Finding: Two well-done randomized-controlled trials show efficacy - the number of migraine attacks can probably be reduced with butterbur. Even if the effect is not huge, taking it may be worthwhile due to only minor side effects.",supports,Medizin Transparent,https://www.medizin-transparent.at/kann-pestwurz-migraene-attacken-verhindern/
592,Does bisphenol A trigger allergies?,"Claim: Does bisphenol A trigger allergies? | Finding: Individual observational studies suggest an association between bisphenol A intake and the development of asthma, but not allergy, in early childhood. Asthma is often the consequence of allergy. However, the measurement of bisphenol A intake in these studies is too imprecise for a clear statement.",uncertain,Medizin Transparent,https://www.medizin-transparent.at/bpa-plastik-als-allergieausloeser/
593,Can maggots accelerate the healing of chronic wounds compared to conventional treatment?,"Claim: Can maggots accelerate the healing of chronic wounds compared to conventional treatment? | Finding: Maggot therapy may not heal chronic wounds any faster than conventional wound care. However, the maggots seem to be able to clean the wound of dead tissue more quickly - but also cause more pain.",refutes,Medizin Transparent,https://www.medizin-transparent.at/maden-als-wunderheiler/
594,Do electric toothbrushes protect oral health better than manual brushes?,Claim: Do electric toothbrushes protect oral health better than manual brushes? | Finding: Electric toothbrushes probably combat plaque and bleeding gums slightly better than conventional manual toothbrushes. The type of electric brush does not seem to play a major role.,supports,Medizin Transparent,https://www.medizin-transparent.at/elektrische-zahnbuersten/
595,Do antidepressants from the group of serotonin reuptake inhibitors help with depression?,"Claim: Do antidepressants from the group of serotonin reuptake inhibitors help with depression? | Finding: Serotonin reuptake inhibitors have been shown to be helpful in more severe depression, although the exact mechanisms are not clear. Overall, very strong or rapid effects are not expected. For milder depression, efficacy is more debatable. Sometimes patients have to try several SSRI preparations until they feel an improvement in symptoms, and some sufferers are not helped by the drugs at all. Well-done studies should help clarify the situation in the future so that more targeted treatment is possible.",supports,Medizin Transparent,https://www.medizin-transparent.at/antidepressiva-grosser-umsatz-keine-wirkung/
596,Is there a health risk from metal contaminants in lipsticks?,"Claim: Is there a health risk from metal contaminants in lipsticks? | Finding: Several chemical analyses find traces of metals in lipsticks, which can in principle be harmful in high concentrations. However, the analyses do not examine the quantities in which the metals are actually absorbed and whether they cause damage in the body. Overall, there is still too little research into whether there could be a risk for some of the metal impurities if they are used very frequently.",uncertain,Medizin Transparent,https://www.medizin-transparent.at/lippenstift-gesundheitsrisiko-schwermetalle/
597,Can topiramate reduce the frequency of migraine attacks?,"Claim: Can topiramate reduce the frequency of migraine attacks? | Finding: Possibly yes. A review by the Cochrane Collaboration attests that topiramate slightly reduces the frequency of migraine attacks in adults, and in some patients the attacks even decrease significantly. Still, there are unanswered questions and the side effects should not be underestimated.",supports,Medizin Transparent,https://www.medizin-transparent.at/kann-topiramat-migraene-attacken-verhindern/
598,Does particulate matter pollution increase the risk of heart attack - even if the EU limits are complied with?,"Claim: Does particulate matter pollution increase the risk of heart attack - even if the EU limits are complied with? | Finding: Recent studies from Europe indicate that everyday exposure to particulate matter may increase the risk of acute heart disease (myocardial infarction, angina pectoris). General mortality may also be increased already by 'allowed' long-term exposure within the current EU limits.",supports,Medizin Transparent,https://www.medizin-transparent.at/herzinfarkt-durch-dicke-luft/
599,Are endocrine disruptors in cosmetics a health risk?,"Claim: Are endocrine disruptors in cosmetics a health risk? | Finding: Although many cosmetics do indeed contain substances that can influence the hormone system, a health risk has not been proven. Ecological consequences, on the other hand, have already been demonstrated.",uncertain,Medizin Transparent,https://www.medizin-transparent.at/gefaehrlicher-hormon-cocktail-in-kosmetika/
600,"Can a dietary supplement containing omega-3 fatty acids, lipids, vitamins, and nutrients (""Souvenaid"") noticeably slow or halt the decline of mental performance in Alzheimer's disease?","Claim: Can a dietary supplement containing omega-3 fatty acids, lipids, vitamins, and nutrients (""Souvenaid"") noticeably slow or halt the decline of mental performance in Alzheimer's disease? | Finding: Three randomized-controlled trials show that such a dietary supplement (Souvenaid®) is unlikely to markedly slow or halt the progression of Alzheimer's dementia. Taking omega-3 fatty acid or vitamin B supplements alone also does not appear to have such an effect.",refutes,Medizin Transparent,https://www.medizin-transparent.at/alzheimer-nahrungsergaenzung-nutzlos/
601,Do vitamin E supplements increase the likelihood of early death?,"Claim: Do vitamin E supplements increase the likelihood of early death? | Finding: Studies on this topic are very inconsistent. Nevertheless, there is a possibility that vitamin E increases the risk of death. A meta-analysis warns against high-dose vitamin preparations.",supports,Medizin Transparent,https://www.medizin-transparent.at/vitamin-e-schutz-oder-bedrohung/
602,Does meditation help against stress?,"Claim: Does meditation help against stress? | Finding: Various forms of meditation seem to be able to alleviate stress both in healthy individuals and in people with mental illness. Studies on this are numerous, but the quality of the studies is consistently unsatisfactory.",supports,Medizin Transparent,https://www.medizin-transparent.at/meditieren-gegen-stress/
603,Are there methods that effectively help against hormonal hair loss?,"Claim: Are there methods that effectively help against hormonal hair loss? | Finding: Besides own hair transplantation, the active substances finasteride or minoxidil (as a solution) can help, but both agents have side effects. The effectiveness of other means is hardly or not secured.",supports,Medizin Transparent,https://www.medizin-transparent.at/was-hilft-gegen-haarausfall/
604,Does eye training help prevent myopia?,"Claim: Does eye training help prevent myopia? | Finding: According to the current state of studies, an effectiveness of eye training can only be expected for very few diseases; an effect as prevention or therapy against myopia cannot be assumed at present.",refutes,Medizin Transparent,https://www.medizin-transparent.at/augentraining-sport-fuer-die-linse/
605,Does Cryolipolysis cause noticeable body fat reduction?,"Claim: Does Cryolipolysis cause noticeable body fat reduction? | Finding: The effectiveness of cryolipolysis cannot be assessed objectively, as there are no scientific efficacy studies on it.",uncertain,Medizin Transparent,https://www.medizin-transparent.at/cryolipolyse-statt-fettabsaugen-wirksamkeit-nicht-bestaetigt/
606,Is acupuncture for chronic pain more effective than placebo acupuncture treatment?,"Claim: Is acupuncture for chronic pain more effective than placebo acupuncture treatment? | Finding: Acupuncture is slightly superior to sham acupuncture treatment for some types of pain. However, pain patients are unlikely to notice this difference.",supports,Medizin Transparent,https://www.medizin-transparent.at/akupunktur-bei-schmerzen-mehr-als-placeboeffekt/
607,Can Internet-based self-help training based on cognitive behavioral therapy reduce the burden of tinnitus?,"Claim: Can Internet-based self-help training based on cognitive behavioral therapy reduce the burden of tinnitus? | Finding: Cognitive behavioral therapy can noticeably improve the quality of life and depressiveness of tinnitus sufferers. Internet-based self-help training based on cognitive behavioral therapy could be similarly helpful, but is often discontinued by sufferers.",supports,Medizin Transparent,https://www.medizin-transparent.at/tinnitus-behandlung-via-internet/
608,Do probiotic foods have an antidepressant effect or a positive effect on the mind?,"Claim: Do probiotic foods have an antidepressant effect or a positive effect on the mind? | Finding: Whether probiotics can help with depression or have a positive effect on the mood has never been investigated in clinical trials. In people with constipation, they could possibly improve mood.",uncertain,Medizin Transparent,https://www.medizin-transparent.at/glucklich-und-gesund-durch-probiotische-joghurts/
609,Does treatment with radioactive agents help with pain in chronic inflammatory joint disease?,"Claim: Does treatment with radioactive agents help with pain in chronic inflammatory joint disease? | Finding: Depending on the cause of the pain, radiosynoviorthesis can lead to considerable pain reduction, as confirmed by a 2009 review. However, it is not proven whether the treatment is more effective than cortisone treatment.",supports,Medizin Transparent,https://www.medizin-transparent.at/radiosynoviorthese-mit-radioaktivitaet-gegen-schmerzen-in-den-gelenken/
610,Does frequent porn use reduce gray matter volume in the brain?,Claim: Does frequent porn use reduce gray matter volume in the brain? | Finding: The study is not powered to examine the long-term effects of pornography on the brain and other studies on this were not found.,uncertain,Medizin Transparent,https://www.medizin-transparent.at/kostet-porno-hirnsubstanz/
611,Can the active ingredient acetyl salicylic acid (ASA) protect against cancer?,"Claim: Can the active ingredient acetyl salicylic acid (ASA) protect against cancer? | Finding: Taking ASA daily for several years seems to be able to reduce the risk of dying from cancer somewhat. However, it increases the risk of severe internal bleeding and stomach problems.",supports,Medizin Transparent,https://www.medizin-transparent.at/vorteil-von-aspirin-ass-im-kampf-gegen-krebs-unklar/
612,Is tick-borne tick-borne encephalitis (TBE) much milder in children than in adults?,"Claim: Is tick-borne tick-borne encephalitis (TBE) much milder in children than in adults? | Finding: Current studies suggest that TBE is probably associated with milder symptoms in children than in adults. Permanent damage is also less frequent in younger patients. However, TBE can also have severe health consequences in children in individual cases.",supports,Medizin Transparent,https://www.medizin-transparent.at/fsme-nach-zeckenstich-ein-kinderspiel/
613,"Does treatment with cyanoacrylate (for example, Sapheon Venaseal™) help against varicose veins as well or better than other methods?","Claim: Does treatment with cyanoacrylate (for example, Sapheon Venaseal™) help against varicose veins as well or better than other methods? | Finding: To date, there are no results from clinical studies on this method. The efficacy in comparison with other treatments is therefore unclear.",uncertain,Medizin Transparent,https://www.medizin-transparent.at/krampfadern-mit-superkleber-heilen/
614,"Did oseltamivir (Tamiflu®) or other neuraminidase inhibitors help reduce deaths from the H1N1 influenza virus (""swine flu"" virus)?","Claim: Did oseltamivir (Tamiflu®) or other neuraminidase inhibitors help reduce deaths from the H1N1 influenza virus (""swine flu"" virus)? | Finding: Previously published analyses of data from the H1N1 influenza (""swine flu"") pandemic period are of insufficient quality to answer this question.",uncertain,Medizin Transparent,https://www.medizin-transparent.at/tamiflu-wirknachweis-bei-schweinegrippe-unglaubwuerdig/
615,Is aluminum intake responsible for the development of Alzheimer's disease?,"Claim: Is aluminum intake responsible for the development of Alzheimer's disease? | Finding: Scientific studies cannot prove with certainty a connection between the metal aluminum and the disease Alzheimer, but they cannot exclude it either.",uncertain,Medizin Transparent,https://www.medizin-transparent.at/vergesslich-durch-aluminium/
616,Can regular exercise prevent or relieve migraine symptoms?,"Claim: Can regular exercise prevent or relieve migraine symptoms? | Finding: In some, but not all, studies, regular exercise seems to at least somewhat reduce the pain intensity of future migraine attacks. Whether the frequency of migraine attacks can also be reduced cannot be assessed with certainty. for this, larger, better validated studies would have to be conducted.",supports,Medizin Transparent,https://www.medizin-transparent.at/kann-sport-migrane-vorbeugen/
617,Does less than 7h of sleep daily increase mental performance?,Claim: Does less than 7h of sleep daily increase mental performance? | Finding: Two small randomized-controlled studies indicate that mental performance decreases with the number of sleepless hours per night and the number of nights with insufficient sleep. No single scientific study provides evidence of an increase in mental performance due to shorter sleep duration.,refutes,Medizin Transparent,https://www.medizin-transparent.at/schlaf-und-intelligenz/
618,Does regular intake of extra virgin olive oil protect against coronary heart disease such as heart attack?,"Claim: Does regular intake of extra virgin olive oil protect against coronary heart disease such as heart attack? | Finding: Regular consumption of cold-pressed olive oil may possibly prevent coronary heart disease. However, direct evidence is still pending.",supports,Medizin Transparent,https://www.medizin-transparent.at/olivenol-nur-wohlschmeckend-oder-auch-gesund-furs-herz/
619,Do frequent ejaculations have a protective effect against prostate cancer?,"Claim: Do frequent ejaculations have a protective effect against prostate cancer? | Finding: A cohort study suggests that more frequent ejaculations starting at age 40, or over a lifetime, could potentially lower the risk of prostate cancer. This is not exclusive to ejaculations from masturbation, but from any sexual activity.",supports,Medizin Transparent,https://www.medizin-transparent.at/prostatakrebsselbstbefriedigung/
620,Does condom use cause depression in women?,Claim: Does condom use cause depression in women? | Finding: A study examining exactly this question was not found. Some scientific works with a broad question rather lead to the conclusion that there is no connection between depression and condom use.,uncertain,Medizin Transparent,https://www.medizin-transparent.at/mit-kondom-ins-unglueck/
621,Do today's children have a shorter life expectancy than their parents?,"Claim: Do today's children have a shorter life expectancy than their parents? | Finding: Obesity and physical inactivity are increasing risk factors worldwide that can shorten life. In 2005, a study from the USA concluded that life expectancy could be reduced by 3 to 9 months when these risks were included.",supports,Medizin Transparent,https://www.medizin-transparent.at/das-kurze-leben-des-uebergewichtigen-nachwuchses/
622,Do rising temperatures and CO2 levels increase the risk of pollen allergy?,"Claim: Do rising temperatures and CO2 levels increase the risk of pollen allergy? | Finding: Rising temperatures and increased CO2 concentrations cause plants to produce larger amounts of pollen over a longer period of time. However, it is unclear whether larger amounts of pollen and a longer pollen season increase the likelihood of developing pollen allergy.",uncertain,Medizin Transparent,https://www.medizin-transparent.at/pollenallergie-klimawandel-schuld/
623,Does training on vibration platforms cause a noticeable buildup of muscle strength?,"Claim: Does training on vibration platforms cause a noticeable buildup of muscle strength? | Finding: Vibration training may be helpful for building muscle strength in the legs, but it is not better than conventional training for this purpose. Whether the method is also suitable for weight reduction has not been sufficiently studied.",supports,Medizin Transparent,https://www.medizin-transparent.at/vibrationstraining-die-fakten-hinter-dem-hype/
624,Does glucosamine prolong life?,"Claim: Does glucosamine prolong life? | Finding: Although research here is still in its infancy and there is only one cohort study in humans besides basic studies, this shows possible effects. Further studies with better methods and other groups of participants are necessary.",supports,Medizin Transparent,https://www.medizin-transparent.at/glucosamin-laenger-leben/
625,Does Kinesio tape help in the treatment of joint and muscle injuries?,Claim: Does Kinesio tape help in the treatment of joint and muscle injuries? | Finding: There is no evidence that kinesio tape can reduce pain within a few days. It is unclear whether taping can help improve movement restrictions caused by an injury.,uncertain,Medizin Transparent,https://www.medizin-transparent.at/kinesio-tape-unbegrundeter-hype-um-buntes-klebeband/
626,Do injections with Botulinum Toxin A (Botox®) help with urinary incontinence?,"Claim: Do injections with Botulinum Toxin A (Botox®) help with urinary incontinence? | Finding: Several small randomized-controlled trials show that injections of botulinum toxin A into the detrusor muscle surrounding the urinary bladder can reduce, but not completely prevent, the incidence of involuntary urinary leakage.",supports,Medizin Transparent,https://www.medizin-transparent.at/nervengift-gegen-blasenschwache/
627,Can apigenin reduce cancer risk or prevent cancer progression?,"Claim: Can apigenin reduce cancer risk or prevent cancer progression? | Finding: Studies suggest that even high levels of apigenin in food do not protect against cancer. In individual cases, it is suspected that apigenin in high amounts could weaken the effect of chemotherapy or even accelerate cancer growth.",refutes,Medizin Transparent,https://www.medizin-transparent.at/apigenin-gegen-krebs/
628,Do generic drugs work as well as original drugs?,"Claim: Do generic drugs work as well as original drugs? | Finding: Yes, the summarized results of clinical studies do not provide any evidence for a poorer efficacy of generics compared to originator drugs. However, comparative studies exist only for some agents against cardiovascular diseases and epilepsy.",supports,Medizin Transparent,https://www.medizin-transparent.at/generika-kein-hinweis-auf-minderwertigkeit/
629,Are animal-assisted therapies effective for mental illness?,"Claim: Are animal-assisted therapies effective for mental illness? | Finding: Studies on the effects of animal-assisted therapies are only partially conclusive. It seems plausible that animal-assisted therapies can be supportive for some mental illnesses; however, very large or rapid effects are unlikely.",supports,Medizin Transparent,https://www.medizin-transparent.at/therapietiere/
630,Can lack of sleep cause obesity?,Claim: Can lack of sleep cause obesity? | Finding: People who regularly get too little sleep may be more likely to be overweight than those who get enough sleep. But whether lack of sleep itself causes obesity is unclear.,uncertain,Medizin Transparent,https://www.medizin-transparent.at/dick-durch-zu-wenig-schlaf/
631,Is breaking an energy-saving lamp harmful to health?,"Claim: Is breaking an energy-saving lamp harmful to health? | Finding: If an energy-saving lamp breaks, mercury vapor is released in quantities that can exceed the limits considered safe. Whether this can cause damage to health has not been directly investigated. However, after removal of the broken glass and good ventilation of the room, the value quickly falls back below the limit value.",uncertain,Medizin Transparent,https://www.medizin-transparent.at/gesundheitsgefahrdung-durch-energiesparlampen/
632,Does copper intake increase the risk of Alzheimer's disease?,Claim: Does copper intake increase the risk of Alzheimer's disease? | Finding: Some studies claim to have found links between high copper levels and Alzheimer's disease. Whether copper intake actually has an impact on Alzheimer's risk is not clear.,uncertain,Medizin Transparent,https://www.medizin-transparent.at/steigert-kupfer-das-alzheimer-risiko/
633,Do air ions cause an improvement of allergies?,"Claim: Do air ions cause an improvement of allergies? | Finding: Whether ionized air can reduce allergic symptoms is unclear, as no studies exist on this question. Air ionization devices do not appear to be effective against asthma in general.",uncertain,Medizin Transparent,https://www.medizin-transparent.at/anti-allergie-luftionen-mehr-als-nur-heise-luft/
634,Do air ions cause an improvement of asthma??,"Claim: Do air ions cause an improvement of asthma?? | Finding: Whether ionized air can reduce allergic symptoms is unclear, as no studies exist on this question. Air ionization devices do not appear to be effective against asthma in general.",refutes,Medizin Transparent,https://www.medizin-transparent.at/anti-allergie-luftionen-mehr-als-nur-heise-luft/
635,Do smoking bans lead to fewer preterm births?,"Claim: Do smoking bans lead to fewer preterm births? | Finding: A large review shows a 10% reduced risk of preterm birth. Due to some limitations, the evidence is nevertheless low, further studies from different countries will probably soon bring clarity.",supports,Medizin Transparent,https://www.medizin-transparent.at/schuetzt-rauchverbot-vor-fruehgeburten/
636,Do special garments with the active ingredient Liporeductyl help against cellulite?,"Claim: Do special garments with the active ingredient Liporeductyl help against cellulite? | Finding: There are only small studies that neither stand up to methodological criteria nor have been scientifically published. Sustained efficacy has not been proven, which, according to the current status, applies to all common remedies against cellulite.",uncertain,Medizin Transparent,https://www.medizin-transparent.at/mit-engen-hosen-gegen-cellulite/
637,Does alcohol in moderate amounts prolong life?,"Claim: Does alcohol in moderate amounts prolong life? | Finding: In moderate amounts, alcohol could reduce the likelihood of dying prematurely. In higher doses, however, it clearly increases this risk. This is unclear for caffeine.",supports,Medizin Transparent,https://www.medizin-transparent.at/wettkampf-der-genussmittel-koffein-gegen-alkohol/
638,Does caffeine make us die sooner???,"Claim: Does caffeine make us die sooner??? | Finding: In moderate amounts, alcohol could reduce the likelihood of dying prematurely. In higher doses, however, it clearly increases this risk. This is unclear for caffeine.",uncertain,Medizin Transparent,https://www.medizin-transparent.at/wettkampf-der-genussmittel-koffein-gegen-alkohol/
639,Does light freezing help with weight loss?,"Claim: Does light freezing help with weight loss? | Finding: Some laboratory studies show that the body reacts to colder temperatures with higher energy consumption and burns more fat. Nevertheless, it is completely unclear whether this supports weight loss; that is, whether the process is strong enough and whether other mechanisms do not work against it. Weight loss through freezing has not been investigated in clinical studies.",uncertain,Medizin Transparent,https://www.medizin-transparent.at/koennen-wir-uns-schlank-frieren/
640,Does acupuncture help against hay fever?,Claim: Does acupuncture help against hay fever? | Finding: We have not found any meaningful studies that can provide evidence of improvement in hay fever.,uncertain,Medizin Transparent,https://www.medizin-transparent.at/akupunktur-bei-heuschnupfen-weiter-fraglich/
641,Do earrings cause discomfort by destroying acupuncture points or meridians?,"Claim: Do earrings cause discomfort by destroying acupuncture points or meridians? | Finding: Earrings very often lead to complications, fortunately most of them are harmless. However, whether earrings can also destroy meridians or similar representation points of body regions in the auricle and thus lead to health complaints has not been investigated in studies.",uncertain,Medizin Transparent,https://www.medizin-transparent.at/ohrringe-gegen-ohrakupunktur/
642,"Does the ""Rolfing"" treatment cause an improvement of body malpositions as well as certain pains?","Claim: Does the ""Rolfing"" treatment cause an improvement of body malpositions as well as certain pains? | Finding: The few studies on ""Rolfing"" are too inconclusive to answer the question.",uncertain,Medizin Transparent,https://www.medizin-transparent.at/rolfing-bei-schmerzen-und-fehlhaltungen-wirksamkeit-kaum-untersucht/
643,Does marijuana use reduce the risk of developing diabetes?,Claim: Does marijuana use reduce the risk of developing diabetes? | Finding: Two cross-sectional studies provide evidence for a diabetes-preventive effect of active ingredients from the cannabis plant. That the consumption of marijuana actually reduces the risk of diabetes has yet to be confirmed by extensive studies.,supports,Medizin Transparent,https://www.medizin-transparent.at/der-joint-als-diabetes-pravention/
644,Do fish oil capsules promote prostate cancer?,"Claim: Do fish oil capsules promote prostate cancer? | Finding: In general, there seems to be a negative effect of omega-3 fatty acids in fish oil capsules: DHA and EPA in high doses could increase the risk of prostate cancer. However, the results should be viewed with caution. Other, still unknown factors could also play an important role.",supports,Medizin Transparent,https://www.medizin-transparent.at/prostatakrebs-durch-fischoel-kapseln/
645,Does virgin conception exist?,"Claim: Does virgin conception exist? | Finding: To date, only one study has been conducted on this issue. The scientific evidence based on this study does not allow a clear answer.",uncertain,Medizin Transparent,https://www.medizin-transparent.at/jungfraeuliche-empfaengnis-vielleicht-haeufiger-als-gedacht/
646,Are movement exercises useful for back pain?,"Claim: Are movement exercises useful for back pain? | Finding: Exercise reduces the risk of getting back pain again and can relieve chronic back pain somewhat. However, quick relief from acute pain is not to be expected.",supports,Medizin Transparent,https://www.medizin-transparent.at/mit-muskelkraft-gegen-rueckenschmerzen/
647,Does taking the birth control pill adversely affect mate choice? (Reader inquiry),"Claim: Does taking the birth control pill adversely affect mate choice? (Reader inquiry) | Finding: Even though individual studies find a slight correlation between taking the pill and choosing a partner, there is no evidence that it negatively affects partner choice.",uncertain,Medizin Transparent,https://www.medizin-transparent.at/falsche-partner-wahl-durch-die-pille/
648,Does UV light reduce the risk of cardiovascular disease?,"Claim: Does UV light reduce the risk of cardiovascular disease? | Finding: It is theoretically conceivable that UVB light could reduce the risk of cardiovascular disease. However, studies published so far cannot sufficiently confirm this assumption.",uncertain,Medizin Transparent,https://www.medizin-transparent.at/sonnenbad-gesund-statt-krebsfordernd/
649,"Is the Gynefix® contraceptive necklace as effective for contraception as the birth control pill or the ""IUD""?","Claim: Is the Gynefix® contraceptive necklace as effective for contraception as the birth control pill or the ""IUD""? | Finding: The 6-link copper-containing contraceptive necklace Gynefix® is comparable in contraceptive effectiveness to other copper-containing intrauterine devices (""IUDs""). A comparison with the contraceptive effectiveness of the contraceptive pill is not satisfactorily possible based on our research.",supports,Medizin Transparent,https://www.medizin-transparent.at/verhuetungskettchen/
650,Can coenzyme Q10 lead to a rejuvenation of the skin's appearance?,"Claim: Can coenzyme Q10 lead to a rejuvenation of the skin's appearance? | Finding: Since there are no studies on this subject conducted according to common scientific standards, this question cannot be answered.",uncertain,Medizin Transparent,https://www.medizin-transparent.at/coenzym-q10-das-mochtegern-wundermittel/
651,Is there an increased risk of long-term effects on the unborn child with chemotherapy starting in the 2nd trimester of pregnancy?,"Claim: Is there an increased risk of long-term effects on the unborn child with chemotherapy starting in the 2nd trimester of pregnancy? | Finding: Studies published to date do not suggest a greatly increased risk of adverse effects on the child, but such a risk cannot be ruled out.",supports,Medizin Transparent,https://www.medizin-transparent.at/chemotherapie-ab-2-schwangerschafts-drittel-ungefahrlich/
652,Can regular screening significantly reduce the risk of dying from prostate cancer?,"Claim: Can regular screening significantly reduce the risk of dying from prostate cancer? | Finding: The regular PSA screening test can hardly reduce the risk of death from prostate cancer. In fact, it often leads to overdiagnosis with serious consequences such as incontinence and erectile dysfunction.",refutes,Medizin Transparent,https://www.medizin-transparent.at/prostatakrebs-psa-tests-bringen-wenig/
653,Does removal and examination of the first lymph nodes after the prostate is affected by cancer (sentinel lymph nodes or sentinel lymph nodes) improve the chances of cure? (Reader Inquiry),"Claim: Does removal and examination of the first lymph nodes after the prostate is affected by cancer (sentinel lymph nodes or sentinel lymph nodes) improve the chances of cure? (Reader Inquiry) | Finding: Removal and examination of sentinel lymph nodes helps assess the progression of prostate cancer. However, whether it improves the chances of cure cannot be said due to the low level of scientific evidence.",uncertain,Medizin Transparent,https://www.medizin-transparent.at/prostatakrebs-stoppt-lymphknoten-entfernung-ausbreitung/
654,Can a treatment with singing bowls relieve pain?,Claim: Can a treatment with singing bowls relieve pain? | Finding: Singing bowl therapy does not appear to be effective for relieving pain.,refutes,Medizin Transparent,https://www.medizin-transparent.at/schwungvoll-in-die-schmerzfreiheit/
655,"Is the HIV saliva self-test, which is about to be approved in the U.S., as reliable as a laboratory test or a rapid test at the doctor's office?","Claim: Is the HIV saliva self-test, which is about to be approved in the U.S., as reliable as a laboratory test or a rapid test at the doctor's office? | Finding: The aforementioned HIV self-test of saliva samples is significantly less accurate than a standard laboratory blood test. Relatively likely, it is also more inaccurate when self-performed than a rapid saliva or blood test performed by a physician.",supports,Medizin Transparent,https://www.medizin-transparent.at/hiv-test-fur-zuhause-abklarung-durch-arzt-notig/
656,Does religion promote mental health?,"Claim: Does religion promote mental health? | Finding: The studies do not allow any conclusion to be drawn for several reasons: the results are contradictory, only a few studies are by independent authors, and religion is not a concept that is measured uniformly; neither effects nor side effects can be clearly attributed to the factor ""religion"" because there is no such thing as a uniform factor ""religion.""",uncertain,Medizin Transparent,https://www.medizin-transparent.at/religion-und-psychische-gesundheit/
657,Do braces treatments have preventive medical benefits in addition to aesthetic ones?,"Claim: Do braces treatments have preventive medical benefits in addition to aesthetic ones? | Finding: The long-term effects of tooth straightening are still very poorly researched. Apart from obvious effects in extreme malocclusions, there is no good evidence for either medical benefit or high risk.",uncertain,Medizin Transparent,https://www.medizin-transparent.at/zahnspangen-muss-schoenheit-leiden/
658,"What are the advantages and disadvantages of vaccinating infants simultaneously with the usual six-dose vaccine (against diphtheria, tetanus, polio, pertussis, hepatitis B, and Haemophilus influenzae B) and a pneumococcal vaccine? (Reader inquiry)","Claim: What are the advantages and disadvantages of vaccinating infants simultaneously with the usual six-dose vaccine (against diphtheria, tetanus, polio, pertussis, hepatitis B, and Haemophilus influenzae B) and a pneumococcal vaccine? (Reader inquiry) | Finding: Simultaneous vaccination with pneumococcal and six-way vaccine results in essentially equivalent protection against the 6 pathogens compared with six-way vaccination alone. The somewhat increased risk of fever after vaccination is offset by additional, nearly complete protection against pneumococcal infection and infection.",supports,Medizin Transparent,https://www.medizin-transparent.at/kombi-impfungen-fur-kleinkinder-angste-und-fakten/
659,Does the use of laptops with active WLAN (wireless internet access) affect sperm quality in men?,"Claim: Does the use of laptops with active WLAN (wireless internet access) affect sperm quality in men? | Finding: The underlying study is not sufficiently conclusive to be able to determine such an effect. Currently, there is no high-quality scientific study that has investigated this issue.",uncertain,Medizin Transparent,https://www.medizin-transparent.at/unfruchtbar-durch-drahtlos-internet-am-laptop/
660,Can phthalates cause diabetes?,"Claim: Can phthalates cause diabetes? | Finding: Studies conducted in humans to date show that people with diabetes or pre-diabetes have significantly elevated phthalate concentrations in their bodies. Although these studies cannot prove that diabetes is caused or contributed to by phthalates, results from laboratory studies in the test tube and in animals point in this direction. However, studies over longer periods of time are needed to confirm this.",supports,Medizin Transparent,https://www.medizin-transparent.at/zuckerkrank-durch-plastik-weichmacher/
661,Does staining brain tumors with the dye aminolevulinic acid before surgery help patients survive longer?,"Claim: Does staining brain tumors with the dye aminolevulinic acid before surgery help patients survive longer? | Finding: Surgery of brain tumors stained with aminolevulinic acid is more complete than without staining. Although the tumor returned in fewer patients in the initial period after surgery, it is unclear whether the long-term survival rate is also greater.",uncertain,Medizin Transparent,https://www.medizin-transparent.at/fluoreszierende-hirntumore-unter-dem-messer/
662,"Can exercise prevent premature deaths from heart attacks, strokes, heart failure, and pre-diabetes as effectively as medication?","Claim: Can exercise prevent premature deaths from heart attacks, strokes, heart failure, and pre-diabetes as effectively as medication? | Finding: An evaluation of several meta-analyses provides evidence that exercise can prevent premature death after stroke. After heart attacks or in cases of pre-diabetes, exercise appears to be similarly effective to the corresponding drugs. In the case of heart failure, however, medication is likely to be more effective. However, it is by no means possible to generalize from this that sport can replace medication.",supports,Medizin Transparent,https://www.medizin-transparent.at/medikamente-oder-sport-was-hilft-besser/
663,Can taking the enzyme diamino oxidase prevent alcohol-related hangover symptoms?,"Claim: Can taking the enzyme diamino oxidase prevent alcohol-related hangover symptoms? | Finding: Such an effect is not likely, nor do clinical studies exist on this issue.",uncertain,Medizin Transparent,https://www.medizin-transparent.at/anti-kater-pille-nur-ernuchternder-marketing-gag/
664,Can an anti-oxidant such as pseudocatalase stop or reverse hair graying?,Claim: Can an anti-oxidant such as pseudocatalase stop or reverse hair graying? | Finding: This question has not yet been scientifically investigated and therefore cannot be answered.,uncertain,Medizin Transparent,https://www.medizin-transparent.at/hilfe-gegen-graue-haare-ist-leere-behauptung/
665,Can sexual activity relieve headaches?,"Claim: Can sexual activity relieve headaches? | Finding: Individuals report subjective improvement. However, reliable scientific evidence that sexual activity in general can relieve migraine and cluster headaches is insufficient.",uncertain,Medizin Transparent,https://www.medizin-transparent.at/sex-statt-kopfwehtablette/
666,Does transcranial direct current stimulation help against severe depression?,"Claim: Does transcranial direct current stimulation help against severe depression? | Finding: A brand new review shows that tDCS does not lead to lasting improvement in patients with major depression, nor is the response to therapy better than to placebo treatment. However, the number of participants, both overall and in the individual studies, is too low for a reliable assessment.",uncertain,Medizin Transparent,https://www.medizin-transparent.at/gleichstrom-gegen-depression/
667,Is the success of conventional treatment of a herniated disc equivalent to that of disc surgery?,"Claim: Is the success of conventional treatment of a herniated disc equivalent to that of disc surgery? | Finding: Disc surgery leads to faster pain relief in the short term, but in most cases is unlikely to bring any long-term benefit compared to conventional therapy. It is also more expensive and somewhat riskier.",supports,Medizin Transparent,https://www.medizin-transparent.at/bandscheibenvorfall-abwarten-oder-operieren/
668,Does regular use of sleeping pills promote the risk of death or cancer?,"Claim: Does regular use of sleeping pills promote the risk of death or cancer? | Finding: There is a connection between the use of sleeping pills and an increased risk of death or cancer. However, it cannot be ruled out with certainty that other reasons are not responsible for this increased risk.",supports,Medizin Transparent,https://www.medizin-transparent.at/krebs-durch-schlafmittel/
669,Does increased time outdoors inhibit myopia in children?,"Claim: Does increased time outdoors inhibit myopia in children? | Finding: There is probably a correlation between reduced myopia and outdoor activities. However, it is not possible to say beyond doubt whether increased time spent outdoors is actually the cause of reduced myopia. Various other factors also play a role in the development of myopia.",supports,Medizin Transparent,https://www.medizin-transparent.at/je-mehr-freiluft-aktivitaten-umso-weniger-kurzsichtig/
670,Do household cleaners and room fresheners in spray form cause damage to the heart?,"Claim: Do household cleaners and room fresheners in spray form cause damage to the heart? | Finding: There is evidence that people who often use household sprays more often have asymptomatic abnormalities of the heart rhythm. However, whether these abnormalities will later lead to disease, and whether household sprays are actually the cause, remains to be determined by larger and longer studies. Many, but not all, studies also show a connection between the frequent use of cleaning agents and an increased risk of asthma - even if other causes of this respiratory disease cannot be completely ruled out.",uncertain,Medizin Transparent,https://www.medizin-transparent.at/putz-sprays-raumdeos-eine-gefahr-fur-das-herz/
671,Can exercise improve mental performance impaired by alcohol consumption?,"Claim: Can exercise improve mental performance impaired by alcohol consumption? | Finding: There are only two studies that deal with this issue. Only one examines the problem in humans, and that is only a small pilot study. Whether sport reduces alcohol-related brain damage has not been clarified.",uncertain,Medizin Transparent,https://www.medizin-transparent.at/schutzt-sport-das-gehirn-vor-alkoholschaden/
672,Can over-the-counter combination medications help with tension headache and migraine better than medications containing only single active ingredients?,"Claim: Can over-the-counter combination medications help with tension headache and migraine better than medications containing only single active ingredients? | Finding: The addition of caffeine may slightly increase the effect of common painkillers in some people. The combination of acetylsalicylic acid (ASA), paracetamol and caffeine is possibly the most effective. However, no better tolerability of the combination preparations was found. However, no comparative data are yet available for several other active ingredients or combinations of active ingredients.",supports,Medizin Transparent,https://www.medizin-transparent.at/kopfschmerzen-helfen-wirkstoffkombinationen-besser/
673,Does hyperthermia treatment support chemotherapy in fighting cancer? (anonymous request with link to the Standard article),"Claim: Does hyperthermia treatment support chemotherapy in fighting cancer? (anonymous request with link to the Standard article) | Finding: There are indications that hyperthermia can increase survival rates in some types of cancer. Overall, there are still too few large studies available to be able to make definite statements.",supports,Medizin Transparent,https://www.medizin-transparent.at/krebstherapie-mit-hyperthermie-kuenstliches-fieber/
674,Can stress promote dementia?,"Claim: Can stress promote dementia? | Finding: There is evidence that chronic stress in work and private life may increase the risk of dementia in old age. However, this needs to be confirmed by larger studies. However, stress is only one of many possible influences.",supports,Medizin Transparent,https://www.medizin-transparent.at/stress-kein-hauptgrund-fuer-demenz/
675,Does the risk for the unborn child to develop asthma later on increase if the mother is exposed to high pollen concentrations during pregnancy?,Claim: Does the risk for the unborn child to develop asthma later on increase if the mother is exposed to high pollen concentrations during pregnancy? | Finding: It is not clear whether a child later has an increased risk of asthma if its mother has contact with large amounts of pollen during pregnancy. Studies to date on this are rare and in some cases show methodological weaknesses.  Studies conducted according to strict criteria would be necessary to answer this question unequivocally.,uncertain,Medizin Transparent,https://www.medizin-transparent.at/asthmarisiko-durch-pollenbelastung-fur-ungeborenes/
676,Are children conceived in May more likely to be born prematurely than children conceived in other months?,"Claim: Are children conceived in May more likely to be born prematurely than children conceived in other months? | Finding: There are indications that children conceived in May are born prematurely. The reason for this could be the flu, which hits May babies the hardest. The temperature can also influence the time of birth.",supports,Medizin Transparent,https://www.medizin-transparent.at/im-mai-gezeugte-kinder-zu-fruh-geboren/
677,Does osteopathy work?,"Claim: Does osteopathy work? | Finding: For some therapies that fit under the broad term osteopathy, the evidence of studies indicates efficacy for back pain and some forms of headache; however, evidence of efficacy is lacking for many forms of osteopathy.",supports,Medizin Transparent,https://www.medizin-transparent.at/die-bunte-palette-der-osteopathie/
678,Do creams with sterol compounds improve the appearance of cellulite skin?,Claim: Do creams with sterol compounds improve the appearance of cellulite skin? | Finding: There is no evidence for such an effect.,uncertain,Medizin Transparent,https://www.medizin-transparent.at/wirksamkeit-von-sterol-cellulite-creme-zweifelhaft/
679,"For women at high risk of breast cancer, does a precautionary mastectomy make more sense than regular participation in intensive screening?","Claim: For women at high risk of breast cancer, does a precautionary mastectomy make more sense than regular participation in intensive screening? | Finding: High-risk patients can significantly reduce their risk of breast cancer with preventive breast screening. Nevertheless, no general recommendation can be derived from this, as intensive screening programs are an alternative. However, good long-term studies are still lacking for both preventive measures, and the decision can only be made on a very individual basis.",uncertain,Medizin Transparent,https://www.medizin-transparent.at/das-paradox-der-brustentfernung/
680,Does tocilizumab specifically help children with rheumatoid arthritis (juvenile idiopathic arthritis) ?,"Claim: Does tocilizumab specifically help children with rheumatoid arthritis (juvenile idiopathic arthritis) ? | Finding: In contrast to adult rheumatoid arthritis patients, where the efficacy of tocilizumab has been well studied, there are only 2 controlled studies for use in children on a specific subtype (systemic juvenile idiopathic arthritis) with very few participants. These suggest better efficacy than in adults, but in reality this is likely to be lower than presented in the study results. In addition, the drug can also cause severe side effects.",supports,Medizin Transparent,https://www.medizin-transparent.at/rheuma-bei-kindern-tocilizumab-als-hoffnung/
681,Does the Toxoplasma gondii parasite affect suicide rates?,"Claim: Does the Toxoplasma gondii parasite affect suicide rates? | Finding: Meanwhile, some studies show a link between infection with the protozoan T. gondii and a higher suicide rate. However, it is not yet clear whether the parasite actually has an influence, because a third factor is also conceivable that influences both the infection rate and the suicide rate.",supports,Medizin Transparent,https://www.medizin-transparent.at/vom-einzeller-in-den-selbstmord-getrieben/
682,Is Exemestane better than other hormone-altering drugs for reducing the risk of breast cancer or treating it?,"Claim: Is Exemestane better than other hormone-altering drugs for reducing the risk of breast cancer or treating it? | Finding: The group of so-called aromatase inhibitors, which includes Exemestane, causes a higher survival rate in the treatment of breast cancer patients than other hormone-influencing drugs. Exemestane probably does not work any better than the aromatase inhibitor anastrozole. Whether Exemestane works better compared to other aromatase inhibitors is still unclear.",supports,Medizin Transparent,https://www.medizin-transparent.at/brustkrebs-exemestan-besser-als-andere-hormonblocker/
683,Does a newly approved contraceptive pill with the active ingredient combination nomegestrol acetate and 17ß-estradiol have fewer undesirable side effects than other birth control pills?,"Claim: Does a newly approved contraceptive pill with the active ingredient combination nomegestrol acetate and 17ß-estradiol have fewer undesirable side effects than other birth control pills? | Finding: Compared to two other birth control pills available in pharmacies, side effects such as acne, weight gain or headaches occur just as often or even more frequently with the newly approved pill. Even if some blood values are somewhat more favorable, it is unclear whether the slightly increased risk of thrombosis generally associated with birth control pills is actually lower with the new preparation.",refutes,Medizin Transparent,https://www.medizin-transparent.at/neue-pille-tatsachlich-besser/
684,Does PrEP reduce the risk of HIV infection?,"Claim: Does PrEP reduce the risk of HIV infection? | Finding: Studies to date have confirmed the preventive effect. People who take PrEP medication correctly have a significantly lower risk of HIV infection. However, infection cannot be completely ruled out.",supports,Medizin Transparent,https://www.medizin-transparent.at/prep-hiv/
685,"Does exercise, a restricted diet, or both together help prevent excessive weight gain during pregnancy?","Claim: Does exercise, a restricted diet, or both together help prevent excessive weight gain during pregnancy? | Finding: The summarized results of previous studies clearly show this. However, it is less well established that the measures also improve the health of mother and child during pregnancy and birth.",supports,Medizin Transparent,https://www.medizin-transparent.at/gewichtszunahme-schwangerschaft/
686,Does taking antibiotics for acute sinusitis speed up the healing of the infection?,"Claim: Does taking antibiotics for acute sinusitis speed up the healing of the infection? | Finding: Taking antibiotics can somewhat speed up the healing of an acute sinus infection. However, the success rate is not exhilarating: antibiotics lead to a faster recovery in only 5 out of 100 people. Pain and impairment in everyday life are not improved. And, of course, antibiotics can cause side effects. All in all, antibiotics often don't have much benefit in acute sinusitis.",supports,Medizin Transparent,https://www.medizin-transparent.at/antibiotika-nebenhoehlenentzuendung/
687,Does colonoscopy reduce mortality from colorectal cancer?,"Claim: Does colonoscopy reduce mortality from colorectal cancer? | Finding: For the small colonoscopy (sigmoidoscopy) an effectiveness is well proven, whether the large colonoscopy (colonoscopy) works even better is not proven. It is not possible that colorectal cancer could be prevented entirely.",supports,Medizin Transparent,https://www.medizin-transparent.at/koloskopie-das-ende-fuer-darmkrebs/
688,Do nicotine replacement products like nicotine gum or nicotine patches help with long-term smoking cessation?,"Claim: Do nicotine replacement products like nicotine gum or nicotine patches help with long-term smoking cessation? | Finding: The benefits of nicotine replacement have been proven in numerous studies. Compared to a placebo, more people manage not to smoke after six months or longer. The success can even be increased somewhat by additional support (counseling, talks).",supports,Medizin Transparent,https://www.medizin-transparent.at/nikotinersatz-rauchen-aufhoeren/
689,"Is short, high-intensity training equally effective as longer, moderate-intensity training?","Claim: Is short, high-intensity training equally effective as longer, moderate-intensity training? | Finding: Yes, possibly. However, there are only a few studies on this, some of which are inadequate. Possible side effects have not been studied.",supports,Medizin Transparent,https://www.medizin-transparent.at/hochintensitaets-training-fit-durch-minutensport/
690,Do behavioral therapy methods help with specific fears (phobias) such as fear of spiders?,"Claim: Do behavioral therapy methods help with specific fears (phobias) such as fear of spiders? | Finding: Yes, the most effective method is confrontation therapy. Patients are confronted with the fear-inducing stimulus (e.g., a spider) more and more until they have become accustomed to it.",supports,Medizin Transparent,https://www.medizin-transparent.at/phobien-die-angst-vergessen/
691,"Can honey accelerate the healing of second degree burns with pain, redness and blisters?","Claim: Can honey accelerate the healing of second degree burns with pain, redness and blisters? | Finding: With honey, moderately severe burns that affect the uppermost layers of the skin and can also lead to wound infections heal four to five days faster than with conventional burn treatments. Whether honey also provides benefits for small, fresh wounds is insufficiently researched. Hard-to-heal (chronic) wounds on legs or feet may not be better treated with honey than with other remedies. There are also indications that honey dressings could lead to more pain here.",supports,Medizin Transparent,https://www.medizin-transparent.at/honig-zur-wundheilung/
692,"Does honey heal small, fresh wounds faster than the usual wound treatment?","Claim: Does honey heal small, fresh wounds faster than the usual wound treatment? | Finding: With honey, moderately severe burns that affect the uppermost layers of the skin and can also lead to wound infections heal four to five days faster than with conventional burn treatments. Whether honey also provides benefits for small, fresh wounds is insufficiently researched. Hard-to-heal (chronic) wounds on legs or feet may not be better treated with honey than with other remedies. There are also indications that honey dressings could lead to more pain here.",uncertain,Medizin Transparent,https://www.medizin-transparent.at/honig-zur-wundheilung/
693,"Does honey work better than other wound treatments for chronic wounds (open leg, diabetic foot)?","Claim: Does honey work better than other wound treatments for chronic wounds (open leg, diabetic foot)? | Finding: With honey, moderately severe burns that affect the uppermost layers of the skin and can also lead to wound infections heal four to five days faster than with conventional burn treatments. Whether honey also provides benefits for small, fresh wounds is insufficiently researched. Hard-to-heal (chronic) wounds on legs or feet may not be better treated with honey than with other remedies. There are also indications that honey dressings could lead to more pain here.",refutes,Medizin Transparent,https://www.medizin-transparent.at/honig-zur-wundheilung/
694,Does sitting for long periods despite compensatory exercise increasingly lead to type 2 diabetes?,"Claim: Does sitting for long periods despite compensatory exercise increasingly lead to type 2 diabetes? | Finding: Prolonged sitting and an inactive lifestyle lead to a significantly increased risk of developing type 2 diabetes. Exercise has a beneficial effect in the prevention of diabetes. Whether physical activity can completely offset the risk of a predominantly sedentary lifestyle, or the extent to which this would be necessary, is not clear from the available studies.",uncertain,Medizin Transparent,https://www.medizin-transparent.at/zuckerkrank-durch-sitzen/
695,Do acupuncture or related smoking cessation methods help you stay smoke-free for at least 6 months?,"Claim: Do acupuncture or related smoking cessation methods help you stay smoke-free for at least 6 months? | Finding: There is no evidence for a long-lasting success of smoking cessation with the help of acupuncture or similar methods. In the short term, acupuncture might help slightly. Overall, however, acupuncture is clearly inferior to nicotine replacement therapy.",supports,Medizin Transparent,https://www.medizin-transparent.at/mit-akupunktur-zum-nichtraucher/
696,Do gastrointestinal surgeries (bariatric surgeries) improve symptoms of type 2 diabetes?,"Claim: Do gastrointestinal surgeries (bariatric surgeries) improve symptoms of type 2 diabetes? | Finding: Gastrointestinal surgery significantly improves diabetes symptoms in the majority of overweight patients with type 2 diabetes. However, these operations are associated with risks. Other methods (such as exercise programs or weight reduction without surgery) are effective to a lesser extent, but are far less risky.",supports,Medizin Transparent,https://www.medizin-transparent.at/diabetes-und-ubergewicht-magenoperation-als-ausweg/
697,Is there a connection between ADHD and neurodermatitis?,Claim: Is there a connection between ADHD and neurodermatitis? | Finding: Several large studies show that there is a link between ADHD and neurodermatitis. Whether one disease is the cause of the other or whether both diseases have common causes is not yet clear.,supports,Medizin Transparent,https://www.medizin-transparent.at/adhs-und-neurodermitis/
698,Can injections with the enzyme collagenase straighten fingers bent by Dupuytren's disease without surgery? (Reader inquiry),"Claim: Can injections with the enzyme collagenase straighten fingers bent by Dupuytren's disease without surgery? (Reader inquiry) | Finding: Collagenase injections can straighten the fingers, but success does not always occur and is usually - as with the usual surgery - not permanent. Almost all patients experience undesirable side effects, which can also be severe in individual cases.",supports,Medizin Transparent,https://www.medizin-transparent.at/verkrummte-fingerglieder-durch-spritze-losen/
699,Do mindfulness-based methods effect improvement in chronic pain?,"Claim: Do mindfulness-based methods effect improvement in chronic pain? | Finding: Some clinical studies suggest an efficacy of mindfulness-based methods for pain management, but several other studies cannot confirm such an effect. A definitive answer could come from studies with a larger number of participants.",uncertain,Medizin Transparent,https://www.medizin-transparent.at/den-schmerz-ausser-acht-lassen/
700,Does high air pollution increase the risk for the unborn to develop autism later in life?,"Claim: Does high air pollution increase the risk for the unborn to develop autism later in life? | Finding: There may be a link between the increased incidence of autism and air pollution during pregnancy. However, previous studies have been too imprecise to actually identify air pollution as a cause of autism. The possible risk should be clarified by more detailed studies.",uncertain,Medizin Transparent,https://www.medizin-transparent.at/luftverschmutzung-als-ursache-fur-autismus/
701,Is it harmful to health to eat apple cores with the apple?,"Claim: Is it harmful to health to eat apple cores with the apple? | Finding: Normally, apple cores pass through the body undigested. Even if they are bitten, not enough poison enters the body to pose a danger.",refutes,Medizin Transparent,https://www.medizin-transparent.at/sind-aepfel-im-kern-boese/
702,Can taking selenium prevent cancer?,"Claim: Can taking selenium prevent cancer? | Finding: The summarized results of studies conducted so far reliably show that selenium preparations do not protect against cancer. However, the dose at which selenium becomes harmful to the body is insufficiently researched.",refutes,Medizin Transparent,https://www.medizin-transparent.at/selen-krebs/
703,Does mesotherapy help against pain?,"Claim: Does mesotherapy help against pain? | Finding: Mesotherapy is an umbrella term for very different treatments that have only the method of administration in common, namely the injection of many small doses of an agent into a specific skin layer. Therefore, it is not possible to make a general statement about its effectiveness. Some studies indicate that it can be a useful way of administering established medications for certain complaints.",refutes,Medizin Transparent,https://www.medizin-transparent.at/mesotherapie-sticheleien-gegen-den-schmerz/
704,Do general health checkups lead to longer life?,Claim: Do general health checkups lead to longer life? | Finding: Health screenings for adults from the general population do not have the hoped-for effect: participants do not live longer as a result of serial screening and preventive care.,refutes,Medizin Transparent,https://www.medizin-transparent.at/gesundenuntersuchung/
705,Can dementia be prevented?,"Claim: Can dementia be prevented? | Finding: It is possible that sport and exercise, mentally demanding activities, a busy social life and a Mediterranean diet could prevent dementia. It is possible that diabetes, smoking, depression, loneliness, head injuries and pesticides increase the risk of dementia. However, all these factors are not well established.",refutes,Medizin Transparent,https://www.medizin-transparent.at/demenz-alzheimer-vorbeugen/
706,Does the plant pigment beta-carotene protect against cancer?,"Claim: Does the plant pigment beta-carotene protect against cancer? | Finding: There is no evidence of a cancer risk-reducing effect for beta-carotene. On the contrary, beta-carotene preparations may even increase the risk of bladder cancer and cancer in smokers.",refutes,Medizin Transparent,https://www.medizin-transparent.at/mythos-krebsschutz-durch-pflanzenfarbstoff-beta-carotin/
707,Can vitamin supplements protect against life-threatening diseases such as cancer or cardiovascular disease?,"Claim: Can vitamin supplements protect against life-threatening diseases such as cancer or cardiovascular disease? | Finding: Antioxidant and multivitamin supplements do not reduce the likelihood of dying prematurely from cancer, cardiovascular disease, or other causes. Taking beta-carotene and possibly vitamin E may actually increase the likelihood of premature death. The only exception is vitamin D supplements; they are likely to have a small life-prolonging effect in the elderly.",refutes,Medizin Transparent,https://www.medizin-transparent.at/vitamintabletten-gesund-oder-gefahrlich/
708,Is it true that lowering cholesterol does not reduce the risk of cardiovascular disease?,"Claim: Is it true that lowering cholesterol does not reduce the risk of cardiovascular disease? | Finding: No. High cholesterol, along with other risk factors, can increase the likelihood of cardiovascular disease. If the proportion of ""bad"" LDL cholesterol in the blood is lowered (with medication or through a change in diet), the risk of diseases such as heart attack or stroke also decreases.",refutes,Medizin Transparent,https://www.medizin-transparent.at/cholesterinsenken-sinnlos-von-wegen/
709,Do static magnets help against pain?,Claim: Do static magnets help against pain? | Finding: Both a somewhat older review and several high-quality randomized controlled trials show that magnets do not work better than sham treatment.,refutes,Medizin Transparent,https://www.medizin-transparent.at/magnete-gegen-schmerz/
710,Does hypnosis help with chronic bowel problems?,"Claim: Does hypnosis help with chronic bowel problems? | Finding: Since 1984, studies have shown a success of hypnosis against intestinal complaints. However, the studies have only been conducted on small groups of patients and also show methodological weaknesses. Thus, there is only little evidence of efficacy.",supports,Medizin Transparent,https://www.medizin-transparent.at/in-trance-gegen-darmbeschwerden-kampfen/
711,Does taking vitamin D supplements during pregnancy increase the risk of food allergy for the unborn child?,"Claim: Does taking vitamin D supplements during pregnancy increase the risk of food allergy for the unborn child? | Finding: Whether vitamin D supplements can increase the risk of food allergy in the unborn child is unclear, as studies on this issue have yielded conflicting results.",uncertain,Medizin Transparent,https://www.medizin-transparent.at/allergieausloser-vitamin-d/
712,Is combined hormone therapy with estrogen and progestin safe for women in late menopause (after the last menstrual period)?,"Claim: Is combined hormone therapy with estrogen and progestin safe for women in late menopause (after the last menstrual period)? | Finding: Hormone therapy with estrogen- and progestin-containing preparations makes women more likely to suffer a stroke or heart attack. The risk of breast cancer is also increased. The hormone drugs probably protect a little against diabetes, colon cancer or bone fractures. However, they are no good as a preventive medicine because of the list of side effects. Women who want to relieve their menopausal symptoms with hormone preparations should carefully weigh up the possible benefits and risks with their doctor.",refutes,Medizin Transparent,https://www.medizin-transparent.at/wechsel-entwarnung-fur-hormonersatztherapie/
713,Can negative expectancy reduce the effect of pain medications?,"Claim: Can negative expectancy reduce the effect of pain medications? | Finding: Studies clearly show that ineffective placebo can bring severe side effects, depending on the patient's expectations. One effect can also be that the effectiveness of painkillers is limited.",refutes,Medizin Transparent,https://www.medizin-transparent.at/nocebo-wenn-nichts-schadet/
714,Is sex as good an endurance workout as running?,"Claim: Is sex as good an endurance workout as running? | Finding: Studies show that physical exertion during sex is present but rather moderate. Compared with targeted exercise, the energy expenditure is lower.",refutes,Medizin Transparent,https://www.medizin-transparent.at/sex-als-ausdauersport/
715,Can electrical brain stimulation reduce the amount of food eaten?,"Claim: Can electrical brain stimulation reduce the amount of food eaten? | Finding: Electrical brain stimulation may be able to reduce short-term cravings for high-calorie foods. However, it is unclear that the treated persons actually eat less of them; study results on this are contradictory.",uncertain,Medizin Transparent,https://www.medizin-transparent.at/heisshunger-stop-durch-elektrische-hirnstimulation/
716,Are plastic kitchen boards more hygienic than wooden ones?,Claim: Are plastic kitchen boards more hygienic than wooden ones? | Finding: Whether wooden boards in the kitchen have hygienic disadvantages is unclear. Previous studies on this are too contradictory to answer this question clearly.,uncertain,Medizin Transparent,https://www.medizin-transparent.at/schneidebretter-holz-plastik/
717,Does excessive beer or alcohol consumption lead to obesity?,"Claim: Does excessive beer or alcohol consumption lead to obesity? | Finding: In some studies, alcohol consumption does seem to be related to weight gain. In other studies, however, there is either no effect or even the opposite effect. The study situation is contradictory.",uncertain,Medizin Transparent,https://www.medizin-transparent.at/macht-bier-dick/
718,Do omega-3 fatty acids or a diet rich in fish help with rheumatoid arthritis?,"Claim: Do omega-3 fatty acids or a diet rich in fish help with rheumatoid arthritis? | Finding: According to the majority of studies, preparations with omega-3 fatty acids cannot improve pain and other symptoms in rheumatoid arthritis. However, the results are sometimes contradictory. The effectiveness of preparations made from the New Zealand green-lipped mussel is also unclear. Whether a diet rich in fish helps is insufficiently studied.",uncertain,Medizin Transparent,https://www.medizin-transparent.at/rheuma-linderung-durch-fischoel-fragwuerdig/
719,Does unprocessed red meat increase the risk of cardiovascular disease?,"Claim: Does unprocessed red meat increase the risk of cardiovascular disease? | Finding: Whether unprocessed red meat increases the likelihood of cardiovascular disease is unclear, and study results are conflicting. However, processed red meat such as ham, bacon or sausages could increase the risk.",uncertain,Medizin Transparent,https://www.medizin-transparent.at/wie-ungesund-ist-rotes-fleisch-fur-das-herz/
720,"Does processed red meat (sausages, ham, bacon) increase the risk of cardiovascular disease???","Claim: Does processed red meat (sausages, ham, bacon) increase the risk of cardiovascular disease??? | Finding: Whether unprocessed red meat increases the likelihood of cardiovascular disease is unclear, and study results are conflicting. However, processed red meat such as ham, bacon or sausages could increase the risk.",supports,Medizin Transparent,https://www.medizin-transparent.at/wie-ungesund-ist-rotes-fleisch-fur-das-herz/
721,Does hawthorn extract help patients with heart muscle weakness (heart failure)?,Claim: Does hawthorn extract help patients with heart muscle weakness (heart failure)? | Finding: The results of the studies found differ significantly and leave more questions open than they answer.,uncertain,Medizin Transparent,https://www.medizin-transparent.at/weissdorn-herz/
722,Is glyphosate carcinogenic?,"Claim: Is glyphosate carcinogenic? | Finding: Depending on how much animal experiments and laboratory tests are weighted against studies on humans, one arrives at different assessments. With regard to human studies, we consider the question to be unresolved at present.",uncertain,Medizin Transparent,https://www.medizin-transparent.at/glyphosat/
723,Does psychotherapy help with burnout?,"Claim: Does psychotherapy help with burnout? | Finding: Of the psychotherapy modalities, only Cognitive Behavioral Therapy (CBT) has evidence of potential efficacy for burnout. For other forms of psychotherapy, the scientific evidence is unclear or non-existent.",supports,Medizin Transparent,https://www.medizin-transparent.at/hilfe-bei-burnout/
724,Is electrical muscle stimulation (EMS) in combination with ordinary fitness training more efficient than fitness training alone?,"Claim: Is electrical muscle stimulation (EMS) in combination with ordinary fitness training more efficient than fitness training alone? | Finding: There is evidence for the principle effectiveness of EMS for muscle strengthening. For a superiority of the combination of EMS and ordinary training compared to fitness training alone, the evidence is contradictory.",uncertain,Medizin Transparent,https://www.medizin-transparent.at/muskeln-aus-der-steckdose-ja-aber/
725,Can vitamin and nutrient supplements prevent the eye disease age-related macular degeneration?,"Claim: Can vitamin and nutrient supplements prevent the eye disease age-related macular degeneration? | Finding: Vitamin E and beta-carotene cannot prevent the development of age-related macular degeneration. However, in combination with zinc and vitamin C, they probably allow certain forms of an existing disease to progress somewhat more slowly.",refutes,Medizin Transparent,https://www.medizin-transparent.at/makuladegeneration-vitamine-koennten-sehverlust-bremsen/
726,Can they delay the progression of eye disease?,"Claim: Can they delay the progression of eye disease? | Finding: Vitamin E and beta-carotene cannot prevent the development of age-related macular degeneration. However, in combination with zinc and vitamin C, they probably allow certain forms of an existing disease to progress somewhat more slowly.",supports,Medizin Transparent,https://www.medizin-transparent.at/makuladegeneration-vitamine-koennten-sehverlust-bremsen/
727,Do milk or dairy products promote colon cancer and rectal cancer?,"Claim: Do milk or dairy products promote colon cancer and rectal cancer? | Finding: It is likely that dairy products reduce the risk of colon and rectal cancer, and possibly bladder cancer. However, very large amounts of milk & dairy products could possibly increase the risk of prostate cancer. It should be remembered that about the same number of men die from colon and rectal cancer as from prostate cancer. For breast and ovarian cancer and cancer of the endometrium, it is unclear whether cancer risk is affected by milk and dairy products.",refutes,Medizin Transparent,https://www.medizin-transparent.at/milch-als-krebs-ausloeser/
728,Does yoga change the genetic makeup?,Claim: Does yoga change the genetic makeup? | Finding: Yoga - like any other physical activity - can influence the activity of genes. But the genes themselves are not changed by it.,uncertain,Medizin Transparent,https://www.medizin-transparent.at/verandert-yoga-das-erbgut/
729,Which of the three most common laser eye surgeries produces the best results and has the fewest side effects?,"Claim: Which of the three most common laser eye surgeries produces the best results and has the fewest side effects? | Finding: If only new studies are considered, all three techniques are equally successful. Probable advantages of LASIK: less pain after surgery and good vision more quickly.",supports,Medizin Transparent,https://www.medizin-transparent.at/mit-laser-gegen-kurzsichtigkeit/
730,"Can electromagnetic fields with a specific pattern (pulsed electromagnetic fields, PEMF) heal injuries?","Claim: Can electromagnetic fields with a specific pattern (pulsed electromagnetic fields, PEMF) heal injuries? | Finding: No good injury studies can be found on the device. The only randomized-controlled study treats fatigue in patients with the incurable nerve disease multiple sclerosis and is not very conclusive. Even for the whole range of similar treatment methods, there is no sufficient evidence of efficacy.",uncertain,Medizin Transparent,https://www.medizin-transparent.at/elektromagnetische-wunder-fur-marlies-schild/
731,Does the drug fingolimod reduce the progression of relapsing-remitting multiple sclerosis similarly or better than previous drugs?,"Claim: Does the drug fingolimod reduce the progression of relapsing-remitting multiple sclerosis similarly or better than previous drugs? | Finding: Two manufacturer-funded clinical trials attest Fingolimod such efficacy that exceeds that of interferon beta therapy. However, the drug can also cause serious side effects.",supports,Medizin Transparent,https://www.medizin-transparent.at/wie-wirksam-ist-neuartiges-multiple-sklerose-medikament/
732,Can cancer be successfully fought with intentionally induced fever?,"Claim: Can cancer be successfully fought with intentionally induced fever? | Finding: In the early 20th century, cancer was indeed sometimes fought with fever, sometimes successfully. But the therapies and trials are poorly documented and were risky. An assessment of efficacy is not possible based on the studies to date.",uncertain,Medizin Transparent,https://www.medizin-transparent.at/fieber-gegen-krebs/
733,Can some forms of headache be successfully treated with heat?,"Claim: Can some forms of headache be successfully treated with heat? | Finding: Heat on tense muscles is pleasant, but no evidence exists that the tension is released and the headache is relieved.",uncertain,Medizin Transparent,https://www.medizin-transparent.at/mit-dem-fohn-gegen-spannungskopfweh/
734,Does electro-acupuncture on the ear help against pain?,"Claim: Does electro-acupuncture on the ear help against pain? | Finding: Electro-ear acupuncture could be supportive against chronic pain such as neck or low back pain. The method cannot completely replace painkillers. For surgery-related pain, the effectiveness is uncertain.",supports,Medizin Transparent,https://www.medizin-transparent.at/elektro-akupunktur-statt-schmerzmittel/
735,Does treatment with the new drug erenumab reduce the number of migraine days per month?,"Claim: Does treatment with the new drug erenumab reduce the number of migraine days per month? | Finding: In five studies available to date, which tend to be shorter, participants suffered from migraine less frequently with erenumab than with a placebo. The studies were of high methodological quality. In episodic migraine, people ""saved"" about 1 to 2 migraine days per month . For chronic migraine, sufferers had about 2.5 fewer days of pain per month. However, the efficacy and safety data relate to a maximum time frame of six months; the long-term benefit still needs to be explored. The benefit of erenumab compared to other established preventive migraine drugs has also not yet been researched.",supports,Medizin Transparent,https://www.medizin-transparent.at/erenumab-migraene/
736,Is screening by optical coherence tomography superior to conventional examinations for the early detection of diabetic macular edema?,"Claim: Is screening by optical coherence tomography superior to conventional examinations for the early detection of diabetic macular edema? | Finding: No, screening by optical coherence tomography alone is too inaccurate. An examination using an ophthalmoscope and pupil dilating eye drops or with the help of fundus photography is a safer method.",refutes,Medizin Transparent,https://www.medizin-transparent.at/diabetes-augenerkrankung-hilft-high-tech-besser/
737,Does the treatment of diabetes-related retinal diseases by injection of VEGF inhibitors provide an advantage compared to conventional laser treatment?,"Claim: Does the treatment of diabetes-related retinal diseases by injection of VEGF inhibitors provide an advantage compared to conventional laser treatment? | Finding: There is evidence of better short-term efficacy for VEGF inhibitor injections compared with laser coagulation, but the method is insufficiently studied. Whether the effect is safe in the long term and effective at the same time is unclear.",supports,Medizin Transparent,https://www.medizin-transparent.at/diabetes-augenerkrankung-hilft-high-tech-besser/
738,Do saw palmetto preparations help with benign prostate enlargement?,"Claim: Do saw palmetto preparations help with benign prostate enlargement? | Finding: Many men with benign prostate enlargement turn to herbal remedies. However, current evidence for reliable and long-term efficacy is generally lacking, and most remedies are not well studied. It is therefore not possible to lump all products together. Preparations containing the plant ingredient beta-sitosterol, extracts of the African plum tree or ryegrass pollen extract could possibly lead to some improvement - however, this cautious assumption is based on outdated data. However, the current finding is this: remedies containing saw palmetto do not work any better than placebo and are thus considered ineffective.",refutes,Medizin Transparent,https://www.medizin-transparent.at/prostata-pflanzenpraeparate/
739,"Do plant extracts of African plum tree, beta-sitosterol or ryegrass pollen extract (Cernilton) help benign prostate enlargement?","Claim: Do plant extracts of African plum tree, beta-sitosterol or ryegrass pollen extract (Cernilton) help benign prostate enlargement? | Finding: Many men with benign prostate enlargement turn to herbal remedies. However, current evidence for reliable and long-term efficacy is generally lacking, and most remedies are not well studied. It is therefore not possible to lump all products together. Preparations containing the plant ingredient beta-sitosterol, extracts of the African plum tree or ryegrass pollen extract could possibly lead to some improvement - however, this cautious assumption is based on outdated data. However, the current finding is this: remedies containing saw palmetto do not work any better than placebo and are thus considered ineffective.",uncertain,Medizin Transparent,https://www.medizin-transparent.at/prostata-pflanzenpraeparate/
740,Does not wearing bras provide medical benefits?,"Claim: Does not wearing bras provide medical benefits? | Finding: Whether it is healthier or even beneficial not to wear a bra cannot be answered due to a lack of studies. Conversely, a few studies claim that well-fitting bras could prevent breast pain. However, the studies are methodologically weak and have virtually no validity.",uncertain,Medizin Transparent,https://www.medizin-transparent.at/das-nachste-kapitel-in-der-geschichte-des-bhs/
741,Are there medical benefits to wearing a bra?,"Claim: Are there medical benefits to wearing a bra? | Finding: Whether it is healthier or even beneficial not to wear a bra cannot be answered due to a lack of studies. Conversely, a few studies claim that well-fitting bras could prevent breast pain. However, the studies are methodologically weak and have virtually no validity.",uncertain,Medizin Transparent,https://www.medizin-transparent.at/das-nachste-kapitel-in-der-geschichte-des-bhs/
742,"Can oral vein products containing herbal active ingredients such as rutosides, hidrosmin, diosmin, extracts of horse chestnut seed and pine bark, Centella asiatica or grape seed extract or the synthetic substances calcium dobesilate or aminaftone relieve symptoms such as itching, restless or swollen legs, pain and cramps in people suffering from varicose veins or chronic venous insufficiency?","Claim: Can oral vein products containing herbal active ingredients such as rutosides, hidrosmin, diosmin, extracts of horse chestnut seed and pine bark, Centella asiatica or grape seed extract or the synthetic substances calcium dobesilate or aminaftone relieve symptoms such as itching, restless or swollen legs, pain and cramps in people suffering from varicose veins or chronic venous insufficiency? | Finding: At present, it is not possible to assess the efficacy of ointments, gels or creams because studies on these products are lacking. The situation is different for vein remedies to be swallowed. Studies suggest that some may improve symptoms of varicose veins or chronic venous insufficiency, such as itching, restless or swollen legs, pain and cramps. Quite likely, the remedies are likely to help with water retention in the legs (edema) caused by venous disease. However, better-done, more extensive, and longer-running studies are needed to confidently assess the efficacy of vein remedies for swallowing.",supports,Medizin Transparent,https://www.medizin-transparent.at/krampfadern/
743,Do vein preparations for external use help with varicose veins or chronic venous insufficiency?,"Claim: Do vein preparations for external use help with varicose veins or chronic venous insufficiency? | Finding: At present, it is not possible to assess the efficacy of ointments, gels or creams because studies on these products are lacking. The situation is different for vein remedies to be swallowed. Studies suggest that some may improve symptoms of varicose veins or chronic venous insufficiency, such as itching, restless or swollen legs, pain and cramps. Quite likely, the remedies are likely to help with water retention in the legs (edema) caused by venous disease. However, better-done, more extensive, and longer-running studies are needed to confidently assess the efficacy of vein remedies for swallowing.",uncertain,Medizin Transparent,https://www.medizin-transparent.at/krampfadern/
744,Do milk or dairy products promote bladder cancer?,"Claim: Do milk or dairy products promote bladder cancer? | Finding: It is likely that dairy products reduce the risk of colon and rectal cancer, and possibly bladder cancer. However, very large amounts of milk & dairy products could possibly increase the risk of prostate cancer. It should be remembered that about the same number of men die from colon and rectal cancer as from prostate cancer. For breast and ovarian cancer and cancer of the endometrium, it is unclear whether cancer risk is affected by milk and dairy products.",refutes,Medizin Transparent,https://www.medizin-transparent.at/milch-als-krebs-ausloeser/
745,Do milk or dairy products promote prostate cancer?,"Claim: Do milk or dairy products promote prostate cancer? | Finding: It is likely that dairy products reduce the risk of colon and rectal cancer, and possibly bladder cancer. However, very large amounts of milk & dairy products could possibly increase the risk of prostate cancer. It should be remembered that about the same number of men die from colon and rectal cancer as from prostate cancer. For breast and ovarian cancer and cancer of the endometrium, it is unclear whether cancer risk is affected by milk and dairy products.",supports,Medizin Transparent,https://www.medizin-transparent.at/milch-als-krebs-ausloeser/
746,Do green tea products provide effective and safe support for weight loss?,"Claim: Do green tea products provide effective and safe support for weight loss? | Finding: Due to the number of studies, it is unclear for a number of supposedly appetite-suppressing dietary supplements whether they can support successful weight loss. Well-done studies that run over a long period of time with a sufficient number of test subjects are scarce. Evidence for long-term safety and simultaneous efficacy is therefore lacking.",refutes,Medizin Transparent,https://www.medizin-transparent.at/abnehmen-pflanzliche-appetitzuegler/
747,Can monk's pepper help with cycle disorders?,"Claim: Can monk's pepper help with cycle disorders? | Finding: In the studies to date, monk's pepper seems to relieve PMS symptoms better than a placebo. However, this is not well proven, because the studies have significant weaknesses. There is no evidence of an effect on menstrual disorders. Significant studies are lacking.",uncertain,Medizin Transparent,https://www.medizin-transparent.at/moenchspfeffer-wirkung-wenig-belegt/
748,Does brisk walking lower mortality? Is some exercise better than none at all?,"Claim: Does brisk walking lower mortality? Is some exercise better than none at all? | Finding: Several major studies have consistently concluded that physical activity reduces mortality. Even a brisk walk is enough. More helps more - but in any case, some exercise is much better than none at all.",supports,Medizin Transparent,https://www.medizin-transparent.at/verlaengert-gehen-das-leben/
749,Can arthroscopy reduce pain or improve mobility?,Claim: Can arthroscopy reduce pain or improve mobility? | Finding: The data are clear: Arthroscopy is useless as a treatment for knee osteoarthritis. It can neither relieve pain nor improve the function of the knee joint in the long term.,refutes,Medizin Transparent,https://www.medizin-transparent.at/arthroskopie-arthrose/
750,Do health benefits increase with duration and intensity of exercise?,"Claim: Do health benefits increase with duration and intensity of exercise? | Finding: Several major studies have consistently concluded that physical activity reduces mortality. Even a brisk walk is enough. More helps more - but in any case, some exercise is much better than none at all.",supports,Medizin Transparent,https://www.medizin-transparent.at/verlaengert-gehen-das-leben/
